episode_id,episode_index,top_video_path,wrist_video_path,frame_index,timestamp_sec,top_point_x,top_point_y,wrist_point_x,wrist_point_y,shape_word,prompt,top_raw_frame_path,top_marked_frame_path,top_marked_video_path,wrist_raw_frame_path,wrist_marked_frame_path,wrist_marked_video_path,saved_at
episode_000000,0,/home/yan/myProjects/GenMem/annotation/observation.images.top/episode_000000.mp4,/home/yan/myProjects/GenMem/annotation/observation.images.wrist/episode_000000.mp4,3,0.3,81,76,36,63,T-shaped,"Observe the shapes shown, wait, then touch the object which is T-shaped.",/home/yan/myProjects/GenMem/annotation/shape_prompt_annotations/raw_frames/top/episode_000000_frame_000003.png,/home/yan/myProjects/GenMem/annotation/shape_prompt_annotations/marked_frames/top/episode_000000_frame_000003_red_point.png,/home/yan/myProjects/GenMem/annotation/shape_prompt_annotations/marked_videos/top/episode_000000_frame_000003_red_point_from_here.mp4,/home/yan/myProjects/GenMem/annotation/shape_prompt_annotations/raw_frames/wrist/episode_000000_frame_000003.png,/home/yan/myProjects/GenMem/annotation/shape_prompt_annotations/marked_frames/wrist/episode_000000_frame_000003_red_point.png,/home/yan/myProjects/GenMem/annotation/shape_prompt_annotations/marked_videos/wrist/episode_000000_frame_000003_red_point_from_here.mp4,2026-06-22T01:21:50.696182+00:00
episode_000001,1,/home/yan/myProjects/GenMem/annotation/observation.images.top/episode_000001.mp4,/home/yan/myProjects/GenMem/annotation/observation.images.wrist/episode_000001.mp4,6,0.6,73,78,54,57,square,"Observe the shapes shown, wait, then touch the object which is square.",/home/yan/myProjects/GenMem/annotation/shape_prompt_annotations/raw_frames/top/episode_000001_frame_000006.png,/home/yan/myProjects/GenMem/annotation/shape_prompt_annotations/marked_frames/top/episode_000001_frame_000006_red_point.png,/home/yan/myProjects/GenMem/annotation/shape_prompt_annotations/marked_videos/top/episode_000001_frame_000006_red_point_from_here.mp4,/home/yan/myProjects/GenMem/annotation/shape_prompt_annotations/raw_frames/wrist/episode_000001_frame_000006.png,/home/yan/myProjects/GenMem/annotation/shape_prompt_annotations/marked_frames/wrist/episode_000001_frame_000006_red_point.png,/home/yan/myProjects/GenMem/annotation/shape_prompt_annotations/marked_videos/wrist/episode_000001_frame_000006_red_point_from_here.mp4,2026-06-22T01:27:46.639431+00:00
episode_000002,2,/home/yan/myProjects/GenMem/annotation/observation.images.top/episode_000002.mp4,/home/yan/myProjects/GenMem/annotation/observation.images.wrist/episode_000002.mp4,6,0.6,49,75,97,57,square-like,"Observe the shapes shown, wait, then touch the object which is square-like.",/home/yan/myProjects/GenMem/annotation/shape_prompt_annotations/raw_frames/top/episode_000002_frame_000006.png,/home/yan/myProjects/GenMem/annotation/shape_prompt_annotations/marked_frames/top/episode_000002_frame_000006_red_point.png,/home/yan/myProjects/GenMem/annotation/shape_prompt_annotations/marked_videos/top/episode_000002_frame_000006_red_point_from_here.mp4,/home/yan/myProjects/GenMem/annotation/shape_prompt_annotations/raw_frames/wrist/episode_000002_frame_000006.png,/home/yan/myProjects/GenMem/annotation/shape_prompt_annotations/marked_frames/wrist/episode_000002_frame_000006_red_point.png,/home/yan/myProjects/GenMem/annotation/shape_prompt_annotations/marked_videos/wrist/episode_000002_frame_000006_red_point_from_here.mp4,2026-06-22T01:28:01.832443+00:00
episode_000003,3,/home/yan/myProjects/GenMem/annotation/observation.images.top/episode_000003.mp4,/home/yan/myProjects/GenMem/annotation/observation.images.wrist/episode_000003.mp4,8,0.8,47,60,103,91,star-shaped,"Observe the shapes shown, wait, then touch the object which is star-shaped.",/home/yan/myProjects/GenMem/annotation/shape_prompt_annotations/raw_frames/top/episode_000003_frame_000008.png,/home/yan/myProjects/GenMem/annotation/shape_prompt_annotations/marked_frames/top/episode_000003_frame_000008_red_point.png,/home/yan/myProjects/GenMem/annotation/shape_prompt_annotations/marked_videos/top/episode_000003_frame_000008_red_point_from_here.mp4,/home/yan/myProjects/GenMem/annotation/shape_prompt_annotations/raw_frames/wrist/episode_000003_frame_000008.png,/home/yan/myProjects/GenMem/annotation/shape_prompt_annotations/marked_frames/wrist/episode_000003_frame_000008_red_point.png,/home/yan/myProjects/GenMem/annotation/shape_prompt_annotations/marked_videos/wrist/episode_000003_frame_000008_red_point_from_here.mp4,2026-06-22T01:29:01.611004+00:00
episode_000004,4,/home/yan/myProjects/GenMem/annotation/observation.images.top/episode_000004.mp4,/home/yan/myProjects/GenMem/annotation/observation.images.wrist/episode_000004.mp4,10,1.0,82,68,32,75,star-shaped,"Observe the shapes shown, wait, then touch the object which is star-shaped.",/home/yan/myProjects/GenMem/annotation/shape_prompt_annotations/raw_frames/top/episode_000004_frame_000010.png,/home/yan/myProjects/GenMem/annotation/shape_prompt_annotations/marked_frames/top/episode_000004_frame_000010_red_point.png,/home/yan/myProjects/GenMem/annotation/shape_prompt_annotations/marked_videos/top/episode_000004_frame_000010_red_point_from_here.mp4,/home/yan/myProjects/GenMem/annotation/shape_prompt_annotations/raw_frames/wrist/episode_000004_frame_000010.png,/home/yan/myProjects/GenMem/annotation/shape_prompt_annotations/marked_frames/wrist/episode_000004_frame_000010_red_point.png,/home/yan/myProjects/GenMem/annotation/shape_prompt_annotations/marked_videos/wrist/episode_000004_frame_000010_red_point_from_here.mp4,2026-06-22T01:29:12.121630+00:00
episode_000005,5,/home/yan/myProjects/GenMem/annotation/observation.images.top/episode_000005.mp4,/home/yan/myProjects/GenMem/annotation/observation.images.wrist/episode_000005.mp4,10,1.0,79,73,44,65,square,"Observe the shapes shown, wait, then touch the object which is square.",/home/yan/myProjects/GenMem/annotation/shape_prompt_annotations/raw_frames/top/episode_000005_frame_000010.png,/home/yan/myProjects/GenMem/annotation/shape_prompt_annotations/marked_frames/top/episode_000005_frame_000010_red_point.png,/home/yan/myProjects/GenMem/annotation/shape_prompt_annotations/marked_videos/top/episode_000005_frame_000010_red_point_from_here.mp4,/home/yan/myProjects/GenMem/annotation/shape_prompt_annotations/raw_frames/wrist/episode_000005_frame_000010.png,/home/yan/myProjects/GenMem/annotation/shape_prompt_annotations/marked_frames/wrist/episode_000005_frame_000010_red_point.png,/home/yan/myProjects/GenMem/annotation/shape_prompt_annotations/marked_videos/wrist/episode_000005_frame_000010_red_point_from_here.mp4,2026-06-22T01:29:31.253903+00:00
episode_000006,6,/home/yan/myProjects/GenMem/annotation/observation.images.top/episode_000006.mp4,/home/yan/myProjects/GenMem/annotation/observation.images.wrist/episode_000006.mp4,8,0.8,81,68,39,79,square,"Observe the shapes shown, wait, then touch the object which is square.",/home/yan/myProjects/GenMem/annotation/shape_prompt_annotations/raw_frames/top/episode_000006_frame_000008.png,/home/yan/myProjects/GenMem/annotation/shape_prompt_annotations/marked_frames/top/episode_000006_frame_000008_red_point.png,/home/yan/myProjects/GenMem/annotation/shape_prompt_annotations/marked_videos/top/episode_000006_frame_000008_red_point_from_here.mp4,/home/yan/myProjects/GenMem/annotation/shape_prompt_annotations/raw_frames/wrist/episode_000006_frame_000008.png,/home/yan/myProjects/GenMem/annotation/shape_prompt_annotations/marked_frames/wrist/episode_000006_frame_000008_red_point.png,/home/yan/myProjects/GenMem/annotation/shape_prompt_annotations/marked_videos/wrist/episode_000006_frame_000008_red_point_from_here.mp4,2026-06-22T01:29:42.071038+00:00
episode_000007,7,/home/yan/myProjects/GenMem/annotation/observation.images.top/episode_000007.mp4,/home/yan/myProjects/GenMem/annotation/observation.images.wrist/episode_000007.mp4,4,0.4,77,81,44,64,T-shaped,"Observe the shapes shown, wait, then touch the object which is T-shaped.",/home/yan/myProjects/GenMem/annotation/shape_prompt_annotations/raw_frames/top/episode_000007_frame_000004.png,/home/yan/myProjects/GenMem/annotation/shape_prompt_annotations/marked_frames/top/episode_000007_frame_000004_red_point.png,/home/yan/myProjects/GenMem/annotation/shape_prompt_annotations/marked_videos/top/episode_000007_frame_000004_red_point_from_here.mp4,/home/yan/myProjects/GenMem/annotation/shape_prompt_annotations/raw_frames/wrist/episode_000007_frame_000004.png,/home/yan/myProjects/GenMem/annotation/shape_prompt_annotations/marked_frames/wrist/episode_000007_frame_000004_red_point.png,/home/yan/myProjects/GenMem/annotation/shape_prompt_annotations/marked_videos/wrist/episode_000007_frame_000004_red_point_from_here.mp4,2026-06-22T01:29:57.324330+00:00
episode_000008,8,/home/yan/myProjects/GenMem/annotation/observation.images.top/episode_000008.mp4,/home/yan/myProjects/GenMem/annotation/observation.images.wrist/episode_000008.mp4,4,0.4,66,82,64,52,star-shaped,"Observe the shapes shown, wait, then touch the object which is star-shaped.",/home/yan/myProjects/GenMem/annotation/shape_prompt_annotations/raw_frames/top/episode_000008_frame_000004.png,/home/yan/myProjects/GenMem/annotation/shape_prompt_annotations/marked_frames/top/episode_000008_frame_000004_red_point.png,/home/yan/myProjects/GenMem/annotation/shape_prompt_annotations/marked_videos/top/episode_000008_frame_000004_red_point_from_here.mp4,/home/yan/myProjects/GenMem/annotation/shape_prompt_annotations/raw_frames/wrist/episode_000008_frame_000004.png,/home/yan/myProjects/GenMem/annotation/shape_prompt_annotations/marked_frames/wrist/episode_000008_frame_000004_red_point.png,/home/yan/myProjects/GenMem/annotation/shape_prompt_annotations/marked_videos/wrist/episode_000008_frame_000004_red_point_from_here.mp4,2026-06-22T01:30:23.858306+00:00
episode_000009,9,/home/yan/myProjects/GenMem/annotation/observation.images.top/episode_000009.mp4,/home/yan/myProjects/GenMem/annotation/observation.images.wrist/episode_000009.mp4,4,0.4,79,74,52,70,plus-shaped,"Observe the shapes shown, wait, then touch the object which is plus-shaped.",/home/yan/myProjects/GenMem/annotation/shape_prompt_annotations/raw_frames/top/episode_000009_frame_000004.png,/home/yan/myProjects/GenMem/annotation/shape_prompt_annotations/marked_frames/top/episode_000009_frame_000004_red_point.png,/home/yan/myProjects/GenMem/annotation/shape_prompt_annotations/marked_videos/top/episode_000009_frame_000004_red_point_from_here.mp4,/home/yan/myProjects/GenMem/annotation/shape_prompt_annotations/raw_frames/wrist/episode_000009_frame_000004.png,/home/yan/myProjects/GenMem/annotation/shape_prompt_annotations/marked_frames/wrist/episode_000009_frame_000004_red_point.png,/home/yan/myProjects/GenMem/annotation/shape_prompt_annotations/marked_videos/wrist/episode_000009_frame_000004_red_point_from_here.mp4,2026-06-22T01:30:40.103413+00:00
episode_000010,10,/home/yan/myProjects/GenMem/annotation/observation.images.top/episode_000010.mp4,/home/yan/myProjects/GenMem/annotation/observation.images.wrist/episode_000010.mp4,5,0.5,51,74,89,62,smaller square-like,"Observe the shapes shown, wait, then touch the object which is smaller square-like.",/home/yan/myProjects/GenMem/annotation/shape_prompt_annotations/raw_frames/top/episode_000010_frame_000005.png,/home/yan/myProjects/GenMem/annotation/shape_prompt_annotations/marked_frames/top/episode_000010_frame_000005_red_point.png,/home/yan/myProjects/GenMem/annotation/shape_prompt_annotations/marked_videos/top/episode_000010_frame_000005_red_point_from_here.mp4,/home/yan/myProjects/GenMem/annotation/shape_prompt_annotations/raw_frames/wrist/episode_000010_frame_000005.png,/home/yan/myProjects/GenMem/annotation/shape_prompt_annotations/marked_frames/wrist/episode_000010_frame_000005_red_point.png,/home/yan/myProjects/GenMem/annotation/shape_prompt_annotations/marked_videos/wrist/episode_000010_frame_000005_red_point_from_here.mp4,2026-06-22T01:30:57.162508+00:00
episode_000011,11,/home/yan/myProjects/GenMem/annotation/observation.images.top/episode_000011.mp4,/home/yan/myProjects/GenMem/annotation/observation.images.wrist/episode_000011.mp4,6,0.6,81,69,33,73,cylinder,"Observe the shapes shown, wait, then touch the object which is cylinder.",/home/yan/myProjects/GenMem/annotation/shape_prompt_annotations/raw_frames/top/episode_000011_frame_000006.png,/home/yan/myProjects/GenMem/annotation/shape_prompt_annotations/marked_frames/top/episode_000011_frame_000006_red_point.png,/home/yan/myProjects/GenMem/annotation/shape_prompt_annotations/marked_videos/top/episode_000011_frame_000006_red_point_from_here.mp4,/home/yan/myProjects/GenMem/annotation/shape_prompt_annotations/raw_frames/wrist/episode_000011_frame_000006.png,/home/yan/myProjects/GenMem/annotation/shape_prompt_annotations/marked_frames/wrist/episode_000011_frame_000006_red_point.png,/home/yan/myProjects/GenMem/annotation/shape_prompt_annotations/marked_videos/wrist/episode_000011_frame_000006_red_point_from_here.mp4,2026-06-22T01:31:16.783806+00:00
episode_000012,12,/home/yan/myProjects/GenMem/annotation/observation.images.top/episode_000012.mp4,/home/yan/myProjects/GenMem/annotation/observation.images.wrist/episode_000012.mp4,7,0.7,63,82,65,53,ring-shaped,"Observe the shapes shown, wait, then touch the object which is ring-shaped.",/home/yan/myProjects/GenMem/annotation/shape_prompt_annotations/raw_frames/top/episode_000012_frame_000007.png,/home/yan/myProjects/GenMem/annotation/shape_prompt_annotations/marked_frames/top/episode_000012_frame_000007_red_point.png,/home/yan/myProjects/GenMem/annotation/shape_prompt_annotations/marked_videos/top/episode_000012_frame_000007_red_point_from_here.mp4,/home/yan/myProjects/GenMem/annotation/shape_prompt_annotations/raw_frames/wrist/episode_000012_frame_000007.png,/home/yan/myProjects/GenMem/annotation/shape_prompt_annotations/marked_frames/wrist/episode_000012_frame_000007_red_point.png,/home/yan/myProjects/GenMem/annotation/shape_prompt_annotations/marked_videos/wrist/episode_000012_frame_000007_red_point_from_here.mp4,2026-06-22T01:31:34.389233+00:00
episode_000013,13,/home/yan/myProjects/GenMem/annotation/observation.images.top/episode_000013.mp4,/home/yan/myProjects/GenMem/annotation/observation.images.wrist/episode_000013.mp4,6,0.6,77,74,40,58,U-shaped,"Observe the shapes shown, wait, then touch the object which is U-shaped.",/home/yan/myProjects/GenMem/annotation/shape_prompt_annotations/raw_frames/top/episode_000013_frame_000006.png,/home/yan/myProjects/GenMem/annotation/shape_prompt_annotations/marked_frames/top/episode_000013_frame_000006_red_point.png,/home/yan/myProjects/GenMem/annotation/shape_prompt_annotations/marked_videos/top/episode_000013_frame_000006_red_point_from_here.mp4,/home/yan/myProjects/GenMem/annotation/shape_prompt_annotations/raw_frames/wrist/episode_000013_frame_000006.png,/home/yan/myProjects/GenMem/annotation/shape_prompt_annotations/marked_frames/wrist/episode_000013_frame_000006_red_point.png,/home/yan/myProjects/GenMem/annotation/shape_prompt_annotations/marked_videos/wrist/episode_000013_frame_000006_red_point_from_here.mp4,2026-06-22T01:31:45.959616+00:00
episode_000014,14,/home/yan/myProjects/GenMem/annotation/observation.images.top/episode_000014.mp4,/home/yan/myProjects/GenMem/annotation/observation.images.wrist/episode_000014.mp4,8,0.8,50,75,91,62,square,"Observe the shapes shown, wait, then touch the object which is square.",/home/yan/myProjects/GenMem/annotation/shape_prompt_annotations/raw_frames/top/episode_000014_frame_000008.png,/home/yan/myProjects/GenMem/annotation/shape_prompt_annotations/marked_frames/top/episode_000014_frame_000008_red_point.png,/home/yan/myProjects/GenMem/annotation/shape_prompt_annotations/marked_videos/top/episode_000014_frame_000008_red_point_from_here.mp4,/home/yan/myProjects/GenMem/annotation/shape_prompt_annotations/raw_frames/wrist/episode_000014_frame_000008.png,/home/yan/myProjects/GenMem/annotation/shape_prompt_annotations/marked_frames/wrist/episode_000014_frame_000008_red_point.png,/home/yan/myProjects/GenMem/annotation/shape_prompt_annotations/marked_videos/wrist/episode_000014_frame_000008_red_point_from_here.mp4,2026-06-22T01:32:07.323785+00:00
episode_000015,15,/home/yan/myProjects/GenMem/annotation/observation.images.top/episode_000015.mp4,/home/yan/myProjects/GenMem/annotation/observation.images.wrist/episode_000015.mp4,7,0.7,50,76,83,59,ball-shaped,"Observe the shapes shown, wait, then touch the object which is ball-shaped.",/home/yan/myProjects/GenMem/annotation/shape_prompt_annotations/raw_frames/top/episode_000015_frame_000007.png,/home/yan/myProjects/GenMem/annotation/shape_prompt_annotations/marked_frames/top/episode_000015_frame_000007_red_point.png,/home/yan/myProjects/GenMem/annotation/shape_prompt_annotations/marked_videos/top/episode_000015_frame_000007_red_point_from_here.mp4,/home/yan/myProjects/GenMem/annotation/shape_prompt_annotations/raw_frames/wrist/episode_000015_frame_000007.png,/home/yan/myProjects/GenMem/annotation/shape_prompt_annotations/marked_frames/wrist/episode_000015_frame_000007_red_point.png,/home/yan/myProjects/GenMem/annotation/shape_prompt_annotations/marked_videos/wrist/episode_000015_frame_000007_red_point_from_here.mp4,2026-06-22T01:32:35.310053+00:00
episode_000016,16,/home/yan/myProjects/GenMem/annotation/observation.images.top/episode_000016.mp4,/home/yan/myProjects/GenMem/annotation/observation.images.wrist/episode_000016.mp4,11,1.1,50,75,87,67,ball-shaped,"Observe the shapes shown, wait, then touch the object which is ball-shaped.",/home/yan/myProjects/GenMem/annotation/shape_prompt_annotations/raw_frames/top/episode_000016_frame_000011.png,/home/yan/myProjects/GenMem/annotation/shape_prompt_annotations/marked_frames/top/episode_000016_frame_000011_red_point.png,/home/yan/myProjects/GenMem/annotation/shape_prompt_annotations/marked_videos/top/episode_000016_frame_000011_red_point_from_here.mp4,/home/yan/myProjects/GenMem/annotation/shape_prompt_annotations/raw_frames/wrist/episode_000016_frame_000011.png,/home/yan/myProjects/GenMem/annotation/shape_prompt_annotations/marked_frames/wrist/episode_000016_frame_000011_red_point.png,/home/yan/myProjects/GenMem/annotation/shape_prompt_annotations/marked_videos/wrist/episode_000016_frame_000011_red_point_from_here.mp4,2026-06-22T01:32:44.348462+00:00
episode_000017,17,/home/yan/myProjects/GenMem/annotation/observation.images.top/episode_000017.mp4,/home/yan/myProjects/GenMem/annotation/observation.images.wrist/episode_000017.mp4,7,0.7,82,68,31,76,ring-shaped,"Observe the shapes shown, wait, then touch the object which is ring-shaped.",/home/yan/myProjects/GenMem/annotation/shape_prompt_annotations/raw_frames/top/episode_000017_frame_000007.png,/home/yan/myProjects/GenMem/annotation/shape_prompt_annotations/marked_frames/top/episode_000017_frame_000007_red_point.png,/home/yan/myProjects/GenMem/annotation/shape_prompt_annotations/marked_videos/top/episode_000017_frame_000007_red_point_from_here.mp4,/home/yan/myProjects/GenMem/annotation/shape_prompt_annotations/raw_frames/wrist/episode_000017_frame_000007.png,/home/yan/myProjects/GenMem/annotation/shape_prompt_annotations/marked_frames/wrist/episode_000017_frame_000007_red_point.png,/home/yan/myProjects/GenMem/annotation/shape_prompt_annotations/marked_videos/wrist/episode_000017_frame_000007_red_point_from_here.mp4,2026-06-22T01:32:58.843526+00:00
episode_000018,18,/home/yan/myProjects/GenMem/annotation/observation.images.top/episode_000018.mp4,/home/yan/myProjects/GenMem/annotation/observation.images.wrist/episode_000018.mp4,10,1.0,69,80,53,61,square,"Observe the shapes shown, wait, then touch the object which is square.",/home/yan/myProjects/GenMem/annotation/shape_prompt_annotations/raw_frames/top/episode_000018_frame_000010.png,/home/yan/myProjects/GenMem/annotation/shape_prompt_annotations/marked_frames/top/episode_000018_frame_000010_red_point.png,/home/yan/myProjects/GenMem/annotation/shape_prompt_annotations/marked_videos/top/episode_000018_frame_000010_red_point_from_here.mp4,/home/yan/myProjects/GenMem/annotation/shape_prompt_annotations/raw_frames/wrist/episode_000018_frame_000010.png,/home/yan/myProjects/GenMem/annotation/shape_prompt_annotations/marked_frames/wrist/episode_000018_frame_000010_red_point.png,/home/yan/myProjects/GenMem/annotation/shape_prompt_annotations/marked_videos/wrist/episode_000018_frame_000010_red_point_from_here.mp4,2026-06-22T01:33:10.904545+00:00
episode_000019,19,/home/yan/myProjects/GenMem/annotation/observation.images.top/episode_000019.mp4,/home/yan/myProjects/GenMem/annotation/observation.images.wrist/episode_000019.mp4,6,0.6,72,79,53,50,U-shaped,"Observe the shapes shown, wait, then touch the object which is U-shaped.",/home/yan/myProjects/GenMem/annotation/shape_prompt_annotations/raw_frames/top/episode_000019_frame_000006.png,/home/yan/myProjects/GenMem/annotation/shape_prompt_annotations/marked_frames/top/episode_000019_frame_000006_red_point.png,/home/yan/myProjects/GenMem/annotation/shape_prompt_annotations/marked_videos/top/episode_000019_frame_000006_red_point_from_here.mp4,/home/yan/myProjects/GenMem/annotation/shape_prompt_annotations/raw_frames/wrist/episode_000019_frame_000006.png,/home/yan/myProjects/GenMem/annotation/shape_prompt_annotations/marked_frames/wrist/episode_000019_frame_000006_red_point.png,/home/yan/myProjects/GenMem/annotation/shape_prompt_annotations/marked_videos/wrist/episode_000019_frame_000006_red_point_from_here.mp4,2026-06-22T01:33:23.550216+00:00
episode_000020,20,/home/yan/myProjects/GenMem/annotation/observation.images.top/episode_000020.mp4,/home/yan/myProjects/GenMem/annotation/observation.images.wrist/episode_000020.mp4,6,0.6,44,67,107,82,cylinder,"Observe the shapes shown, wait, then touch the object which is cylinder.",/home/yan/myProjects/GenMem/annotation/shape_prompt_annotations/raw_frames/top/episode_000020_frame_000006.png,/home/yan/myProjects/GenMem/annotation/shape_prompt_annotations/marked_frames/top/episode_000020_frame_000006_red_point.png,/home/yan/myProjects/GenMem/annotation/shape_prompt_annotations/marked_videos/top/episode_000020_frame_000006_red_point_from_here.mp4,/home/yan/myProjects/GenMem/annotation/shape_prompt_annotations/raw_frames/wrist/episode_000020_frame_000006.png,/home/yan/myProjects/GenMem/annotation/shape_prompt_annotations/marked_frames/wrist/episode_000020_frame_000006_red_point.png,/home/yan/myProjects/GenMem/annotation/shape_prompt_annotations/marked_videos/wrist/episode_000020_frame_000006_red_point_from_here.mp4,2026-06-22T01:33:46.530341+00:00
episode_000021,21,/home/yan/myProjects/GenMem/annotation/observation.images.top/episode_000021.mp4,/home/yan/myProjects/GenMem/annotation/observation.images.wrist/episode_000021.mp4,5,0.5,80,61,33,107,square,"Observe the shapes shown, wait, then touch the object which is square.",/home/yan/myProjects/GenMem/annotation/shape_prompt_annotations/raw_frames/top/episode_000021_frame_000005.png,/home/yan/myProjects/GenMem/annotation/shape_prompt_annotations/marked_frames/top/episode_000021_frame_000005_red_point.png,/home/yan/myProjects/GenMem/annotation/shape_prompt_annotations/marked_videos/top/episode_000021_frame_000005_red_point_from_here.mp4,/home/yan/myProjects/GenMem/annotation/shape_prompt_annotations/raw_frames/wrist/episode_000021_frame_000005.png,/home/yan/myProjects/GenMem/annotation/shape_prompt_annotations/marked_frames/wrist/episode_000021_frame_000005_red_point.png,/home/yan/myProjects/GenMem/annotation/shape_prompt_annotations/marked_videos/wrist/episode_000021_frame_000005_red_point_from_here.mp4,2026-06-22T01:34:12.753696+00:00
episode_000022,22,/home/yan/myProjects/GenMem/annotation/observation.images.top/episode_000022.mp4,/home/yan/myProjects/GenMem/annotation/observation.images.wrist/episode_000022.mp4,6,0.6,48,67,99,78,ring-like,"Observe the shapes shown, wait, then touch the object which is ring-like.",/home/yan/myProjects/GenMem/annotation/shape_prompt_annotations/raw_frames/top/episode_000022_frame_000006.png,/home/yan/myProjects/GenMem/annotation/shape_prompt_annotations/marked_frames/top/episode_000022_frame_000006_red_point.png,/home/yan/myProjects/GenMem/annotation/shape_prompt_annotations/marked_videos/top/episode_000022_frame_000006_red_point_from_here.mp4,/home/yan/myProjects/GenMem/annotation/shape_prompt_annotations/raw_frames/wrist/episode_000022_frame_000006.png,/home/yan/myProjects/GenMem/annotation/shape_prompt_annotations/marked_frames/wrist/episode_000022_frame_000006_red_point.png,/home/yan/myProjects/GenMem/annotation/shape_prompt_annotations/marked_videos/wrist/episode_000022_frame_000006_red_point_from_here.mp4,2026-06-22T01:34:37.157786+00:00
episode_000023,23,/home/yan/myProjects/GenMem/annotation/observation.images.top/episode_000023.mp4,/home/yan/myProjects/GenMem/annotation/observation.images.wrist/episode_000023.mp4,10,1.0,82,68,33,74,ball-shaped,"Observe the shapes shown, wait, then touch the object which is ball-shaped.",/home/yan/myProjects/GenMem/annotation/shape_prompt_annotations/raw_frames/top/episode_000023_frame_000010.png,/home/yan/myProjects/GenMem/annotation/shape_prompt_annotations/marked_frames/top/episode_000023_frame_000010_red_point.png,/home/yan/myProjects/GenMem/annotation/shape_prompt_annotations/marked_videos/top/episode_000023_frame_000010_red_point_from_here.mp4,/home/yan/myProjects/GenMem/annotation/shape_prompt_annotations/raw_frames/wrist/episode_000023_frame_000010.png,/home/yan/myProjects/GenMem/annotation/shape_prompt_annotations/marked_frames/wrist/episode_000023_frame_000010_red_point.png,/home/yan/myProjects/GenMem/annotation/shape_prompt_annotations/marked_videos/wrist/episode_000023_frame_000010_red_point_from_here.mp4,2026-06-22T01:34:50.874695+00:00
episode_000024,24,/home/yan/myProjects/GenMem/annotation/observation.images.top/episode_000024.mp4,/home/yan/myProjects/GenMem/annotation/observation.images.wrist/episode_000024.mp4,6,0.6,52,75,90,58,plus-shaped,"Observe the shapes shown, wait, then touch the object which is plus-shaped.",/home/yan/myProjects/GenMem/annotation/shape_prompt_annotations/raw_frames/top/episode_000024_frame_000006.png,/home/yan/myProjects/GenMem/annotation/shape_prompt_annotations/marked_frames/top/episode_000024_frame_000006_red_point.png,/home/yan/myProjects/GenMem/annotation/shape_prompt_annotations/marked_videos/top/episode_000024_frame_000006_red_point_from_here.mp4,/home/yan/myProjects/GenMem/annotation/shape_prompt_annotations/raw_frames/wrist/episode_000024_frame_000006.png,/home/yan/myProjects/GenMem/annotation/shape_prompt_annotations/marked_frames/wrist/episode_000024_frame_000006_red_point.png,/home/yan/myProjects/GenMem/annotation/shape_prompt_annotations/marked_videos/wrist/episode_000024_frame_000006_red_point_from_here.mp4,2026-06-22T01:35:15.181760+00:00
episode_000025,25,/home/yan/myProjects/GenMem/annotation/observation.images.top/episode_000025.mp4,/home/yan/myProjects/GenMem/annotation/observation.images.wrist/episode_000025.mp4,8,0.8,51,74,85,64,ball-shaped,"Observe the shapes shown, wait, then touch the object which is ball-shaped.",/home/yan/myProjects/GenMem/annotation/shape_prompt_annotations/raw_frames/top/episode_000025_frame_000008.png,/home/yan/myProjects/GenMem/annotation/shape_prompt_annotations/marked_frames/top/episode_000025_frame_000008_red_point.png,/home/yan/myProjects/GenMem/annotation/shape_prompt_annotations/marked_videos/top/episode_000025_frame_000008_red_point_from_here.mp4,/home/yan/myProjects/GenMem/annotation/shape_prompt_annotations/raw_frames/wrist/episode_000025_frame_000008.png,/home/yan/myProjects/GenMem/annotation/shape_prompt_annotations/marked_frames/wrist/episode_000025_frame_000008_red_point.png,/home/yan/myProjects/GenMem/annotation/shape_prompt_annotations/marked_videos/wrist/episode_000025_frame_000008_red_point_from_here.mp4,2026-06-22T01:35:35.527560+00:00
episode_000026,26,/home/yan/myProjects/GenMem/annotation/observation.images.top/episode_000026.mp4,/home/yan/myProjects/GenMem/annotation/observation.images.wrist/episode_000026.mp4,6,0.6,76,74,43,63,ring-shaped,"Observe the shapes shown, wait, then touch the object which is ring-shaped.",/home/yan/myProjects/GenMem/annotation/shape_prompt_annotations/raw_frames/top/episode_000026_frame_000006.png,/home/yan/myProjects/GenMem/annotation/shape_prompt_annotations/marked_frames/top/episode_000026_frame_000006_red_point.png,/home/yan/myProjects/GenMem/annotation/shape_prompt_annotations/marked_videos/top/episode_000026_frame_000006_red_point_from_here.mp4,/home/yan/myProjects/GenMem/annotation/shape_prompt_annotations/raw_frames/wrist/episode_000026_frame_000006.png,/home/yan/myProjects/GenMem/annotation/shape_prompt_annotations/marked_frames/wrist/episode_000026_frame_000006_red_point.png,/home/yan/myProjects/GenMem/annotation/shape_prompt_annotations/marked_videos/wrist/episode_000026_frame_000006_red_point_from_here.mp4,2026-06-22T01:35:51.288021+00:00
episode_000027,27,/home/yan/myProjects/GenMem/annotation/observation.images.top/episode_000027.mp4,/home/yan/myProjects/GenMem/annotation/observation.images.wrist/episode_000027.mp4,6,0.6,72,79,54,55,star-shaped,"Observe the shapes shown, wait, then touch the object which is star-shaped.",/home/yan/myProjects/GenMem/annotation/shape_prompt_annotations/raw_frames/top/episode_000027_frame_000006.png,/home/yan/myProjects/GenMem/annotation/shape_prompt_annotations/marked_frames/top/episode_000027_frame_000006_red_point.png,/home/yan/myProjects/GenMem/annotation/shape_prompt_annotations/marked_videos/top/episode_000027_frame_000006_red_point_from_here.mp4,/home/yan/myProjects/GenMem/annotation/shape_prompt_annotations/raw_frames/wrist/episode_000027_frame_000006.png,/home/yan/myProjects/GenMem/annotation/shape_prompt_annotations/marked_frames/wrist/episode_000027_frame_000006_red_point.png,/home/yan/myProjects/GenMem/annotation/shape_prompt_annotations/marked_videos/wrist/episode_000027_frame_000006_red_point_from_here.mp4,2026-06-22T01:36:07.486154+00:00
episode_000028,28,/home/yan/myProjects/GenMem/annotation/observation.images.top/episode_000028.mp4,/home/yan/myProjects/GenMem/annotation/observation.images.wrist/episode_000028.mp4,6,0.6,77,75,48,65,U-shaped,"Observe the shapes shown, wait, then touch the object which is U-shaped.",/home/yan/myProjects/GenMem/annotation/shape_prompt_annotations/raw_frames/top/episode_000028_frame_000006.png,/home/yan/myProjects/GenMem/annotation/shape_prompt_annotations/marked_frames/top/episode_000028_frame_000006_red_point.png,/home/yan/myProjects/GenMem/annotation/shape_prompt_annotations/marked_videos/top/episode_000028_frame_000006_red_point_from_here.mp4,/home/yan/myProjects/GenMem/annotation/shape_prompt_annotations/raw_frames/wrist/episode_000028_frame_000006.png,/home/yan/myProjects/GenMem/annotation/shape_prompt_annotations/marked_frames/wrist/episode_000028_frame_000006_red_point.png,/home/yan/myProjects/GenMem/annotation/shape_prompt_annotations/marked_videos/wrist/episode_000028_frame_000006_red_point_from_here.mp4,2026-06-22T01:36:26.484374+00:00
episode_000029,29,/home/yan/myProjects/GenMem/annotation/observation.images.top/episode_000029.mp4,/home/yan/myProjects/GenMem/annotation/observation.images.wrist/episode_000029.mp4,10,1.0,53,76,89,61,ball-shaped,"Observe the shapes shown, wait, then touch the object which is ball-shaped.",/home/yan/myProjects/GenMem/annotation/shape_prompt_annotations/raw_frames/top/episode_000029_frame_000010.png,/home/yan/myProjects/GenMem/annotation/shape_prompt_annotations/marked_frames/top/episode_000029_frame_000010_red_point.png,/home/yan/myProjects/GenMem/annotation/shape_prompt_annotations/marked_videos/top/episode_000029_frame_000010_red_point_from_here.mp4,/home/yan/myProjects/GenMem/annotation/shape_prompt_annotations/raw_frames/wrist/episode_000029_frame_000010.png,/home/yan/myProjects/GenMem/annotation/shape_prompt_annotations/marked_frames/wrist/episode_000029_frame_000010_red_point.png,/home/yan/myProjects/GenMem/annotation/shape_prompt_annotations/marked_videos/wrist/episode_000029_frame_000010_red_point_from_here.mp4,2026-06-22T01:37:03.661276+00:00
episode_000030,30,/home/yan/myProjects/GenMem/annotation/observation.images.top/episode_000030.mp4,/home/yan/myProjects/GenMem/annotation/observation.images.wrist/episode_000030.mp4,8,0.8,49,61,103,94,cylinder,"Observe the shapes shown, wait, then touch the object which is cylinder.",/home/yan/myProjects/GenMem/annotation/shape_prompt_annotations/raw_frames/top/episode_000030_frame_000008.png,/home/yan/myProjects/GenMem/annotation/shape_prompt_annotations/marked_frames/top/episode_000030_frame_000008_red_point.png,/home/yan/myProjects/GenMem/annotation/shape_prompt_annotations/marked_videos/top/episode_000030_frame_000008_red_point_from_here.mp4,/home/yan/myProjects/GenMem/annotation/shape_prompt_annotations/raw_frames/wrist/episode_000030_frame_000008.png,/home/yan/myProjects/GenMem/annotation/shape_prompt_annotations/marked_frames/wrist/episode_000030_frame_000008_red_point.png,/home/yan/myProjects/GenMem/annotation/shape_prompt_annotations/marked_videos/wrist/episode_000030_frame_000008_red_point_from_here.mp4,2026-06-22T01:37:17.893134+00:00
episode_000031,31,/home/yan/myProjects/GenMem/annotation/observation.images.top/episode_000031.mp4,/home/yan/myProjects/GenMem/annotation/observation.images.wrist/episode_000031.mp4,6,0.6,56,79,80,47,U-shaped,"Observe the shapes shown, wait, then touch the object which is U-shaped.",/home/yan/myProjects/GenMem/annotation/shape_prompt_annotations/raw_frames/top/episode_000031_frame_000006.png,/home/yan/myProjects/GenMem/annotation/shape_prompt_annotations/marked_frames/top/episode_000031_frame_000006_red_point.png,/home/yan/myProjects/GenMem/annotation/shape_prompt_annotations/marked_videos/top/episode_000031_frame_000006_red_point_from_here.mp4,/home/yan/myProjects/GenMem/annotation/shape_prompt_annotations/raw_frames/wrist/episode_000031_frame_000006.png,/home/yan/myProjects/GenMem/annotation/shape_prompt_annotations/marked_frames/wrist/episode_000031_frame_000006_red_point.png,/home/yan/myProjects/GenMem/annotation/shape_prompt_annotations/marked_videos/wrist/episode_000031_frame_000006_red_point_from_here.mp4,2026-06-22T01:37:30.088304+00:00
episode_000032,32,/home/yan/myProjects/GenMem/annotation/observation.images.top/episode_000032.mp4,/home/yan/myProjects/GenMem/annotation/observation.images.wrist/episode_000032.mp4,10,1.0,81,67,37,82,star-shaped,"Observe the shapes shown, wait, then touch the object which is star-shaped.",/home/yan/myProjects/GenMem/annotation/shape_prompt_annotations/raw_frames/top/episode_000032_frame_000010.png,/home/yan/myProjects/GenMem/annotation/shape_prompt_annotations/marked_frames/top/episode_000032_frame_000010_red_point.png,/home/yan/myProjects/GenMem/annotation/shape_prompt_annotations/marked_videos/top/episode_000032_frame_000010_red_point_from_here.mp4,/home/yan/myProjects/GenMem/annotation/shape_prompt_annotations/raw_frames/wrist/episode_000032_frame_000010.png,/home/yan/myProjects/GenMem/annotation/shape_prompt_annotations/marked_frames/wrist/episode_000032_frame_000010_red_point.png,/home/yan/myProjects/GenMem/annotation/shape_prompt_annotations/marked_videos/wrist/episode_000032_frame_000010_red_point_from_here.mp4,2026-06-22T01:37:45.456464+00:00
episode_000033,33,/home/yan/myProjects/GenMem/annotation/observation.images.top/episode_000033.mp4,/home/yan/myProjects/GenMem/annotation/observation.images.wrist/episode_000033.mp4,6,0.6,81,68,35,78,cylinder,"Observe the shapes shown, wait, then touch the object which is cylinder.",/home/yan/myProjects/GenMem/annotation/shape_prompt_annotations/raw_frames/top/episode_000033_frame_000006.png,/home/yan/myProjects/GenMem/annotation/shape_prompt_annotations/marked_frames/top/episode_000033_frame_000006_red_point.png,/home/yan/myProjects/GenMem/annotation/shape_prompt_annotations/marked_videos/top/episode_000033_frame_000006_red_point_from_here.mp4,/home/yan/myProjects/GenMem/annotation/shape_prompt_annotations/raw_frames/wrist/episode_000033_frame_000006.png,/home/yan/myProjects/GenMem/annotation/shape_prompt_annotations/marked_frames/wrist/episode_000033_frame_000006_red_point.png,/home/yan/myProjects/GenMem/annotation/shape_prompt_annotations/marked_videos/wrist/episode_000033_frame_000006_red_point_from_here.mp4,2026-06-22T01:37:56.871804+00:00
episode_000034,34,/home/yan/myProjects/GenMem/annotation/observation.images.top/episode_000034.mp4,/home/yan/myProjects/GenMem/annotation/observation.images.wrist/episode_000034.mp4,2,0.2,81,68,29,78,square,"Observe the shapes shown, wait, then touch the object which is square.",/home/yan/myProjects/GenMem/annotation/shape_prompt_annotations/raw_frames/top/episode_000034_frame_000002.png,/home/yan/myProjects/GenMem/annotation/shape_prompt_annotations/marked_frames/top/episode_000034_frame_000002_red_point.png,/home/yan/myProjects/GenMem/annotation/shape_prompt_annotations/marked_videos/top/episode_000034_frame_000002_red_point_from_here.mp4,/home/yan/myProjects/GenMem/annotation/shape_prompt_annotations/raw_frames/wrist/episode_000034_frame_000002.png,/home/yan/myProjects/GenMem/annotation/shape_prompt_annotations/marked_frames/wrist/episode_000034_frame_000002_red_point.png,/home/yan/myProjects/GenMem/annotation/shape_prompt_annotations/marked_videos/wrist/episode_000034_frame_000002_red_point_from_here.mp4,2026-06-22T01:38:15.202136+00:00
episode_000035,35,/home/yan/myProjects/GenMem/annotation/observation.images.top/episode_000035.mp4,/home/yan/myProjects/GenMem/annotation/observation.images.wrist/episode_000035.mp4,4,0.4,64,80,70,52,star-shaped,"Observe the shapes shown, wait, then touch the object which is star-shaped.",/home/yan/myProjects/GenMem/annotation/shape_prompt_annotations/raw_frames/top/episode_000035_frame_000004.png,/home/yan/myProjects/GenMem/annotation/shape_prompt_annotations/marked_frames/top/episode_000035_frame_000004_red_point.png,/home/yan/myProjects/GenMem/annotation/shape_prompt_annotations/marked_videos/top/episode_000035_frame_000004_red_point_from_here.mp4,/home/yan/myProjects/GenMem/annotation/shape_prompt_annotations/raw_frames/wrist/episode_000035_frame_000004.png,/home/yan/myProjects/GenMem/annotation/shape_prompt_annotations/marked_frames/wrist/episode_000035_frame_000004_red_point.png,/home/yan/myProjects/GenMem/annotation/shape_prompt_annotations/marked_videos/wrist/episode_000035_frame_000004_red_point_from_here.mp4,2026-06-22T01:39:44.643668+00:00
episode_000036,36,/home/yan/myProjects/GenMem/annotation/observation.images.top/episode_000036.mp4,/home/yan/myProjects/GenMem/annotation/observation.images.wrist/episode_000036.mp4,8,0.8,78,75,44,59,smaller square-like,"Observe the shapes shown, wait, then touch the object which is smaller square-like.",/home/yan/myProjects/GenMem/annotation/shape_prompt_annotations/raw_frames/top/episode_000036_frame_000008.png,/home/yan/myProjects/GenMem/annotation/shape_prompt_annotations/marked_frames/top/episode_000036_frame_000008_red_point.png,/home/yan/myProjects/GenMem/annotation/shape_prompt_annotations/marked_videos/top/episode_000036_frame_000008_red_point_from_here.mp4,/home/yan/myProjects/GenMem/annotation/shape_prompt_annotations/raw_frames/wrist/episode_000036_frame_000008.png,/home/yan/myProjects/GenMem/annotation/shape_prompt_annotations/marked_frames/wrist/episode_000036_frame_000008_red_point.png,/home/yan/myProjects/GenMem/annotation/shape_prompt_annotations/marked_videos/wrist/episode_000036_frame_000008_red_point_from_here.mp4,2026-06-22T01:40:11.234325+00:00
episode_000037,37,/home/yan/myProjects/GenMem/annotation/observation.images.top/episode_000037.mp4,/home/yan/myProjects/GenMem/annotation/observation.images.wrist/episode_000037.mp4,10,1.0,73,79,52,60,smaller square-like,"Observe the shapes shown, wait, then touch the object which is smaller square-like.",/home/yan/myProjects/GenMem/annotation/shape_prompt_annotations/raw_frames/top/episode_000037_frame_000010.png,/home/yan/myProjects/GenMem/annotation/shape_prompt_annotations/marked_frames/top/episode_000037_frame_000010_red_point.png,/home/yan/myProjects/GenMem/annotation/shape_prompt_annotations/marked_videos/top/episode_000037_frame_000010_red_point_from_here.mp4,/home/yan/myProjects/GenMem/annotation/shape_prompt_annotations/raw_frames/wrist/episode_000037_frame_000010.png,/home/yan/myProjects/GenMem/annotation/shape_prompt_annotations/marked_frames/wrist/episode_000037_frame_000010_red_point.png,/home/yan/myProjects/GenMem/annotation/shape_prompt_annotations/marked_videos/wrist/episode_000037_frame_000010_red_point_from_here.mp4,2026-06-22T01:40:22.188591+00:00
episode_000038,38,/home/yan/myProjects/GenMem/annotation/observation.images.top/episode_000038.mp4,/home/yan/myProjects/GenMem/annotation/observation.images.wrist/episode_000038.mp4,8,0.8,48,62,98,96,ball-shaped,"Observe the shapes shown, wait, then touch the object which is ball-shaped.",/home/yan/myProjects/GenMem/annotation/shape_prompt_annotations/raw_frames/top/episode_000038_frame_000008.png,/home/yan/myProjects/GenMem/annotation/shape_prompt_annotations/marked_frames/top/episode_000038_frame_000008_red_point.png,/home/yan/myProjects/GenMem/annotation/shape_prompt_annotations/marked_videos/top/episode_000038_frame_000008_red_point_from_here.mp4,/home/yan/myProjects/GenMem/annotation/shape_prompt_annotations/raw_frames/wrist/episode_000038_frame_000008.png,/home/yan/myProjects/GenMem/annotation/shape_prompt_annotations/marked_frames/wrist/episode_000038_frame_000008_red_point.png,/home/yan/myProjects/GenMem/annotation/shape_prompt_annotations/marked_videos/wrist/episode_000038_frame_000008_red_point_from_here.mp4,2026-06-22T01:40:33.345520+00:00
episode_000039,39,/home/yan/myProjects/GenMem/annotation/observation.images.top/episode_000039.mp4,/home/yan/myProjects/GenMem/annotation/observation.images.wrist/episode_000039.mp4,8,0.8,81,68,38,80,ball-shaped,"Observe the shapes shown, wait, then touch the object which is ball-shaped.",/home/yan/myProjects/GenMem/annotation/shape_prompt_annotations/raw_frames/top/episode_000039_frame_000008.png,/home/yan/myProjects/GenMem/annotation/shape_prompt_annotations/marked_frames/top/episode_000039_frame_000008_red_point.png,/home/yan/myProjects/GenMem/annotation/shape_prompt_annotations/marked_videos/top/episode_000039_frame_000008_red_point_from_here.mp4,/home/yan/myProjects/GenMem/annotation/shape_prompt_annotations/raw_frames/wrist/episode_000039_frame_000008.png,/home/yan/myProjects/GenMem/annotation/shape_prompt_annotations/marked_frames/wrist/episode_000039_frame_000008_red_point.png,/home/yan/myProjects/GenMem/annotation/shape_prompt_annotations/marked_videos/wrist/episode_000039_frame_000008_red_point_from_here.mp4,2026-06-22T01:40:58.275927+00:00
episode_000040,40,/home/yan/myProjects/GenMem/annotation/observation.images.top/episode_000040.mp4,/home/yan/myProjects/GenMem/annotation/observation.images.wrist/episode_000040.mp4,6,0.6,81,68,29,81,square,"Observe the shapes shown, wait, then touch the object which is square.",/home/yan/myProjects/GenMem/annotation/shape_prompt_annotations/raw_frames/top/episode_000040_frame_000006.png,/home/yan/myProjects/GenMem/annotation/shape_prompt_annotations/marked_frames/top/episode_000040_frame_000006_red_point.png,/home/yan/myProjects/GenMem/annotation/shape_prompt_annotations/marked_videos/top/episode_000040_frame_000006_red_point_from_here.mp4,/home/yan/myProjects/GenMem/annotation/shape_prompt_annotations/raw_frames/wrist/episode_000040_frame_000006.png,/home/yan/myProjects/GenMem/annotation/shape_prompt_annotations/marked_frames/wrist/episode_000040_frame_000006_red_point.png,/home/yan/myProjects/GenMem/annotation/shape_prompt_annotations/marked_videos/wrist/episode_000040_frame_000006_red_point_from_here.mp4,2026-06-22T01:41:11.864336+00:00
episode_000041,41,/home/yan/myProjects/GenMem/annotation/observation.images.top/episode_000041.mp4,/home/yan/myProjects/GenMem/annotation/observation.images.wrist/episode_000041.mp4,8,0.8,81,61,37,96,U-shaped,"Observe the shapes shown, wait, then touch the object which is U-shaped.",/home/yan/myProjects/GenMem/annotation/shape_prompt_annotations/raw_frames/top/episode_000041_frame_000008.png,/home/yan/myProjects/GenMem/annotation/shape_prompt_annotations/marked_frames/top/episode_000041_frame_000008_red_point.png,/home/yan/myProjects/GenMem/annotation/shape_prompt_annotations/marked_videos/top/episode_000041_frame_000008_red_point_from_here.mp4,/home/yan/myProjects/GenMem/annotation/shape_prompt_annotations/raw_frames/wrist/episode_000041_frame_000008.png,/home/yan/myProjects/GenMem/annotation/shape_prompt_annotations/marked_frames/wrist/episode_000041_frame_000008_red_point.png,/home/yan/myProjects/GenMem/annotation/shape_prompt_annotations/marked_videos/wrist/episode_000041_frame_000008_red_point_from_here.mp4,2026-06-22T01:41:28.139063+00:00
episode_000042,42,/home/yan/myProjects/GenMem/annotation/observation.images.top/episode_000042.mp4,/home/yan/myProjects/GenMem/annotation/observation.images.wrist/episode_000042.mp4,6,0.6,77,73,44,66,square,"Observe the shapes shown, wait, then touch the object which is square.",/home/yan/myProjects/GenMem/annotation/shape_prompt_annotations/raw_frames/top/episode_000042_frame_000006.png,/home/yan/myProjects/GenMem/annotation/shape_prompt_annotations/marked_frames/top/episode_000042_frame_000006_red_point.png,/home/yan/myProjects/GenMem/annotation/shape_prompt_annotations/marked_videos/top/episode_000042_frame_000006_red_point_from_here.mp4,/home/yan/myProjects/GenMem/annotation/shape_prompt_annotations/raw_frames/wrist/episode_000042_frame_000006.png,/home/yan/myProjects/GenMem/annotation/shape_prompt_annotations/marked_frames/wrist/episode_000042_frame_000006_red_point.png,/home/yan/myProjects/GenMem/annotation/shape_prompt_annotations/marked_videos/wrist/episode_000042_frame_000006_red_point_from_here.mp4,2026-06-22T01:41:40.006662+00:00
episode_000043,43,/home/yan/myProjects/GenMem/annotation/observation.images.top/episode_000043.mp4,/home/yan/myProjects/GenMem/annotation/observation.images.wrist/episode_000043.mp4,4,0.4,80,62,29,93,plus-shaped,"Observe the shapes shown, wait, then touch the object which is plus-shaped.",/home/yan/myProjects/GenMem/annotation/shape_prompt_annotations/raw_frames/top/episode_000043_frame_000004.png,/home/yan/myProjects/GenMem/annotation/shape_prompt_annotations/marked_frames/top/episode_000043_frame_000004_red_point.png,/home/yan/myProjects/GenMem/annotation/shape_prompt_annotations/marked_videos/top/episode_000043_frame_000004_red_point_from_here.mp4,/home/yan/myProjects/GenMem/annotation/shape_prompt_annotations/raw_frames/wrist/episode_000043_frame_000004.png,/home/yan/myProjects/GenMem/annotation/shape_prompt_annotations/marked_frames/wrist/episode_000043_frame_000004_red_point.png,/home/yan/myProjects/GenMem/annotation/shape_prompt_annotations/marked_videos/wrist/episode_000043_frame_000004_red_point_from_here.mp4,2026-06-22T01:41:51.336052+00:00
episode_000044,44,/home/yan/myProjects/GenMem/annotation/observation.images.top/episode_000044.mp4,/home/yan/myProjects/GenMem/annotation/observation.images.wrist/episode_000044.mp4,6,0.6,78,73,42,67,smaller square-like,"Observe the shapes shown, wait, then touch the object which is smaller square-like.",/home/yan/myProjects/GenMem/annotation/shape_prompt_annotations/raw_frames/top/episode_000044_frame_000006.png,/home/yan/myProjects/GenMem/annotation/shape_prompt_annotations/marked_frames/top/episode_000044_frame_000006_red_point.png,/home/yan/myProjects/GenMem/annotation/shape_prompt_annotations/marked_videos/top/episode_000044_frame_000006_red_point_from_here.mp4,/home/yan/myProjects/GenMem/annotation/shape_prompt_annotations/raw_frames/wrist/episode_000044_frame_000006.png,/home/yan/myProjects/GenMem/annotation/shape_prompt_annotations/marked_frames/wrist/episode_000044_frame_000006_red_point.png,/home/yan/myProjects/GenMem/annotation/shape_prompt_annotations/marked_videos/wrist/episode_000044_frame_000006_red_point_from_here.mp4,2026-06-22T01:42:08.811618+00:00
episode_000045,45,/home/yan/myProjects/GenMem/annotation/observation.images.top/episode_000045.mp4,/home/yan/myProjects/GenMem/annotation/observation.images.wrist/episode_000045.mp4,7,0.7,46,62,96,96,U-shaped,"Observe the shapes shown, wait, then touch the object which is U-shaped.",/home/yan/myProjects/GenMem/annotation/shape_prompt_annotations/raw_frames/top/episode_000045_frame_000007.png,/home/yan/myProjects/GenMem/annotation/shape_prompt_annotations/marked_frames/top/episode_000045_frame_000007_red_point.png,/home/yan/myProjects/GenMem/annotation/shape_prompt_annotations/marked_videos/top/episode_000045_frame_000007_red_point_from_here.mp4,/home/yan/myProjects/GenMem/annotation/shape_prompt_annotations/raw_frames/wrist/episode_000045_frame_000007.png,/home/yan/myProjects/GenMem/annotation/shape_prompt_annotations/marked_frames/wrist/episode_000045_frame_000007_red_point.png,/home/yan/myProjects/GenMem/annotation/shape_prompt_annotations/marked_videos/wrist/episode_000045_frame_000007_red_point_from_here.mp4,2026-06-22T01:42:25.683175+00:00
episode_000046,46,/home/yan/myProjects/GenMem/annotation/observation.images.top/episode_000046.mp4,/home/yan/myProjects/GenMem/annotation/observation.images.wrist/episode_000046.mp4,4,0.4,71,79,60,55,star-shaped,"Observe the shapes shown, wait, then touch the object which is star-shaped.",/home/yan/myProjects/GenMem/annotation/shape_prompt_annotations/raw_frames/top/episode_000046_frame_000004.png,/home/yan/myProjects/GenMem/annotation/shape_prompt_annotations/marked_frames/top/episode_000046_frame_000004_red_point.png,/home/yan/myProjects/GenMem/annotation/shape_prompt_annotations/marked_videos/top/episode_000046_frame_000004_red_point_from_here.mp4,/home/yan/myProjects/GenMem/annotation/shape_prompt_annotations/raw_frames/wrist/episode_000046_frame_000004.png,/home/yan/myProjects/GenMem/annotation/shape_prompt_annotations/marked_frames/wrist/episode_000046_frame_000004_red_point.png,/home/yan/myProjects/GenMem/annotation/shape_prompt_annotations/marked_videos/wrist/episode_000046_frame_000004_red_point_from_here.mp4,2026-06-22T01:42:36.561233+00:00
episode_000047,47,/home/yan/myProjects/GenMem/annotation/observation.images.top/episode_000047.mp4,/home/yan/myProjects/GenMem/annotation/observation.images.wrist/episode_000047.mp4,7,0.7,78,74,43,64,star-shaped,"Observe the shapes shown, wait, then touch the object which is star-shaped.",/home/yan/myProjects/GenMem/annotation/shape_prompt_annotations/raw_frames/top/episode_000047_frame_000007.png,/home/yan/myProjects/GenMem/annotation/shape_prompt_annotations/marked_frames/top/episode_000047_frame_000007_red_point.png,/home/yan/myProjects/GenMem/annotation/shape_prompt_annotations/marked_videos/top/episode_000047_frame_000007_red_point_from_here.mp4,/home/yan/myProjects/GenMem/annotation/shape_prompt_annotations/raw_frames/wrist/episode_000047_frame_000007.png,/home/yan/myProjects/GenMem/annotation/shape_prompt_annotations/marked_frames/wrist/episode_000047_frame_000007_red_point.png,/home/yan/myProjects/GenMem/annotation/shape_prompt_annotations/marked_videos/wrist/episode_000047_frame_000007_red_point_from_here.mp4,2026-06-22T01:42:45.705011+00:00
episode_000048,48,/home/yan/myProjects/GenMem/annotation/observation.images.top/episode_000048.mp4,/home/yan/myProjects/GenMem/annotation/observation.images.wrist/episode_000048.mp4,9,0.9,81,62,92,96,ball-shaped,"Observe the shapes shown, wait, then touch the object which is ball-shaped.",/home/yan/myProjects/GenMem/annotation/shape_prompt_annotations/raw_frames/top/episode_000048_frame_000009.png,/home/yan/myProjects/GenMem/annotation/shape_prompt_annotations/marked_frames/top/episode_000048_frame_000009_red_point.png,/home/yan/myProjects/GenMem/annotation/shape_prompt_annotations/marked_videos/top/episode_000048_frame_000009_red_point_from_here.mp4,/home/yan/myProjects/GenMem/annotation/shape_prompt_annotations/raw_frames/wrist/episode_000048_frame_000009.png,/home/yan/myProjects/GenMem/annotation/shape_prompt_annotations/marked_frames/wrist/episode_000048_frame_000009_red_point.png,/home/yan/myProjects/GenMem/annotation/shape_prompt_annotations/marked_videos/wrist/episode_000048_frame_000009_red_point_from_here.mp4,2026-06-22T01:43:27.990779+00:00
episode_000049,49,/home/yan/myProjects/GenMem/annotation/observation.images.top/episode_000049.mp4,/home/yan/myProjects/GenMem/annotation/observation.images.wrist/episode_000049.mp4,10,1.0,77,76,46,61,ring-shaped,"Observe the shapes shown, wait, then touch the object which is ring-shaped.",/home/yan/myProjects/GenMem/annotation/shape_prompt_annotations/raw_frames/top/episode_000049_frame_000010.png,/home/yan/myProjects/GenMem/annotation/shape_prompt_annotations/marked_frames/top/episode_000049_frame_000010_red_point.png,/home/yan/myProjects/GenMem/annotation/shape_prompt_annotations/marked_videos/top/episode_000049_frame_000010_red_point_from_here.mp4,/home/yan/myProjects/GenMem/annotation/shape_prompt_annotations/raw_frames/wrist/episode_000049_frame_000010.png,/home/yan/myProjects/GenMem/annotation/shape_prompt_annotations/marked_frames/wrist/episode_000049_frame_000010_red_point.png,/home/yan/myProjects/GenMem/annotation/shape_prompt_annotations/marked_videos/wrist/episode_000049_frame_000010_red_point_from_here.mp4,2026-06-22T01:48:15.341182+00:00
episode_000050,50,/home/yan/myProjects/GenMem/annotation/observation.images.top/episode_000050.mp4,/home/yan/myProjects/GenMem/annotation/observation.images.wrist/episode_000050.mp4,8,0.8,77,73,52,68,square,"Observe the shapes shown, wait, then touch the object which is square.",/home/yan/myProjects/GenMem/annotation/shape_prompt_annotations/raw_frames/top/episode_000050_frame_000008.png,/home/yan/myProjects/GenMem/annotation/shape_prompt_annotations/marked_frames/top/episode_000050_frame_000008_red_point.png,/home/yan/myProjects/GenMem/annotation/shape_prompt_annotations/marked_videos/top/episode_000050_frame_000008_red_point_from_here.mp4,/home/yan/myProjects/GenMem/annotation/shape_prompt_annotations/raw_frames/wrist/episode_000050_frame_000008.png,/home/yan/myProjects/GenMem/annotation/shape_prompt_annotations/marked_frames/wrist/episode_000050_frame_000008_red_point.png,/home/yan/myProjects/GenMem/annotation/shape_prompt_annotations/marked_videos/wrist/episode_000050_frame_000008_red_point_from_here.mp4,2026-06-22T01:48:30.305519+00:00
episode_000051,51,/home/yan/myProjects/GenMem/annotation/observation.images.top/episode_000051.mp4,/home/yan/myProjects/GenMem/annotation/observation.images.wrist/episode_000051.mp4,7,0.7,81,75,40,82,cylinder,"Observe the shapes shown, wait, then touch the object which is cylinder.",/home/yan/myProjects/GenMem/annotation/shape_prompt_annotations/raw_frames/top/episode_000051_frame_000007.png,/home/yan/myProjects/GenMem/annotation/shape_prompt_annotations/marked_frames/top/episode_000051_frame_000007_red_point.png,/home/yan/myProjects/GenMem/annotation/shape_prompt_annotations/marked_videos/top/episode_000051_frame_000007_red_point_from_here.mp4,/home/yan/myProjects/GenMem/annotation/shape_prompt_annotations/raw_frames/wrist/episode_000051_frame_000007.png,/home/yan/myProjects/GenMem/annotation/shape_prompt_annotations/marked_frames/wrist/episode_000051_frame_000007_red_point.png,/home/yan/myProjects/GenMem/annotation/shape_prompt_annotations/marked_videos/wrist/episode_000051_frame_000007_red_point_from_here.mp4,2026-06-22T01:48:41.395154+00:00
episode_000052,52,/home/yan/myProjects/GenMem/annotation/observation.images.top/episode_000052.mp4,/home/yan/myProjects/GenMem/annotation/observation.images.wrist/episode_000052.mp4,3,0.3,48,74,101,64,plus-shaped,"Observe the shapes shown, wait, then touch the object which is plus-shaped.",/home/yan/myProjects/GenMem/annotation/shape_prompt_annotations/raw_frames/top/episode_000052_frame_000003.png,/home/yan/myProjects/GenMem/annotation/shape_prompt_annotations/marked_frames/top/episode_000052_frame_000003_red_point.png,/home/yan/myProjects/GenMem/annotation/shape_prompt_annotations/marked_videos/top/episode_000052_frame_000003_red_point_from_here.mp4,/home/yan/myProjects/GenMem/annotation/shape_prompt_annotations/raw_frames/wrist/episode_000052_frame_000003.png,/home/yan/myProjects/GenMem/annotation/shape_prompt_annotations/marked_frames/wrist/episode_000052_frame_000003_red_point.png,/home/yan/myProjects/GenMem/annotation/shape_prompt_annotations/marked_videos/wrist/episode_000052_frame_000003_red_point_from_here.mp4,2026-06-22T01:48:54.685507+00:00
episode_000053,53,/home/yan/myProjects/GenMem/annotation/observation.images.top/episode_000053.mp4,/home/yan/myProjects/GenMem/annotation/observation.images.wrist/episode_000053.mp4,9,0.9,72,80,51,53,star-shaped,"Observe the shapes shown, wait, then touch the object which is star-shaped.",/home/yan/myProjects/GenMem/annotation/shape_prompt_annotations/raw_frames/top/episode_000053_frame_000009.png,/home/yan/myProjects/GenMem/annotation/shape_prompt_annotations/marked_frames/top/episode_000053_frame_000009_red_point.png,/home/yan/myProjects/GenMem/annotation/shape_prompt_annotations/marked_videos/top/episode_000053_frame_000009_red_point_from_here.mp4,/home/yan/myProjects/GenMem/annotation/shape_prompt_annotations/raw_frames/wrist/episode_000053_frame_000009.png,/home/yan/myProjects/GenMem/annotation/shape_prompt_annotations/marked_frames/wrist/episode_000053_frame_000009_red_point.png,/home/yan/myProjects/GenMem/annotation/shape_prompt_annotations/marked_videos/wrist/episode_000053_frame_000009_red_point_from_here.mp4,2026-06-22T01:49:27.031664+00:00
episode_000054,54,/home/yan/myProjects/GenMem/annotation/observation.images.top/episode_000054.mp4,/home/yan/myProjects/GenMem/annotation/observation.images.wrist/episode_000054.mp4,3,0.3,48,61,102,89,ball-shaped,"Observe the shapes shown, wait, then touch the object which is ball-shaped.",/home/yan/myProjects/GenMem/annotation/shape_prompt_annotations/raw_frames/top/episode_000054_frame_000003.png,/home/yan/myProjects/GenMem/annotation/shape_prompt_annotations/marked_frames/top/episode_000054_frame_000003_red_point.png,/home/yan/myProjects/GenMem/annotation/shape_prompt_annotations/marked_videos/top/episode_000054_frame_000003_red_point_from_here.mp4,/home/yan/myProjects/GenMem/annotation/shape_prompt_annotations/raw_frames/wrist/episode_000054_frame_000003.png,/home/yan/myProjects/GenMem/annotation/shape_prompt_annotations/marked_frames/wrist/episode_000054_frame_000003_red_point.png,/home/yan/myProjects/GenMem/annotation/shape_prompt_annotations/marked_videos/wrist/episode_000054_frame_000003_red_point_from_here.mp4,2026-06-22T01:49:52.306672+00:00
episode_000055,55,/home/yan/myProjects/GenMem/annotation/observation.images.top/episode_000055.mp4,/home/yan/myProjects/GenMem/annotation/observation.images.wrist/episode_000055.mp4,6,0.6,64,81,65,47,cylinder,"Observe the shapes shown, wait, then touch the object which is cylinder.",/home/yan/myProjects/GenMem/annotation/shape_prompt_annotations/raw_frames/top/episode_000055_frame_000006.png,/home/yan/myProjects/GenMem/annotation/shape_prompt_annotations/marked_frames/top/episode_000055_frame_000006_red_point.png,/home/yan/myProjects/GenMem/annotation/shape_prompt_annotations/marked_videos/top/episode_000055_frame_000006_red_point_from_here.mp4,/home/yan/myProjects/GenMem/annotation/shape_prompt_annotations/raw_frames/wrist/episode_000055_frame_000006.png,/home/yan/myProjects/GenMem/annotation/shape_prompt_annotations/marked_frames/wrist/episode_000055_frame_000006_red_point.png,/home/yan/myProjects/GenMem/annotation/shape_prompt_annotations/marked_videos/wrist/episode_000055_frame_000006_red_point_from_here.mp4,2026-06-22T01:50:28.749886+00:00
episode_000056,56,/home/yan/myProjects/GenMem/annotation/observation.images.top/episode_000056.mp4,/home/yan/myProjects/GenMem/annotation/observation.images.wrist/episode_000056.mp4,6,0.6,76,75,51,65,star-shaped,"Observe the shapes shown, wait, then touch the object which is star-shaped.",/home/yan/myProjects/GenMem/annotation/shape_prompt_annotations/raw_frames/top/episode_000056_frame_000006.png,/home/yan/myProjects/GenMem/annotation/shape_prompt_annotations/marked_frames/top/episode_000056_frame_000006_red_point.png,/home/yan/myProjects/GenMem/annotation/shape_prompt_annotations/marked_videos/top/episode_000056_frame_000006_red_point_from_here.mp4,/home/yan/myProjects/GenMem/annotation/shape_prompt_annotations/raw_frames/wrist/episode_000056_frame_000006.png,/home/yan/myProjects/GenMem/annotation/shape_prompt_annotations/marked_frames/wrist/episode_000056_frame_000006_red_point.png,/home/yan/myProjects/GenMem/annotation/shape_prompt_annotations/marked_videos/wrist/episode_000056_frame_000006_red_point_from_here.mp4,2026-06-22T01:50:44.159079+00:00
episode_000057,57,/home/yan/myProjects/GenMem/annotation/observation.images.top/episode_000057.mp4,/home/yan/myProjects/GenMem/annotation/observation.images.wrist/episode_000057.mp4,8,0.8,81,69,45,83,plus-shaped,"Observe the shapes shown, wait, then touch the object which is plus-shaped.",/home/yan/myProjects/GenMem/annotation/shape_prompt_annotations/raw_frames/top/episode_000057_frame_000008.png,/home/yan/myProjects/GenMem/annotation/shape_prompt_annotations/marked_frames/top/episode_000057_frame_000008_red_point.png,/home/yan/myProjects/GenMem/annotation/shape_prompt_annotations/marked_videos/top/episode_000057_frame_000008_red_point_from_here.mp4,/home/yan/myProjects/GenMem/annotation/shape_prompt_annotations/raw_frames/wrist/episode_000057_frame_000008.png,/home/yan/myProjects/GenMem/annotation/shape_prompt_annotations/marked_frames/wrist/episode_000057_frame_000008_red_point.png,/home/yan/myProjects/GenMem/annotation/shape_prompt_annotations/marked_videos/wrist/episode_000057_frame_000008_red_point_from_here.mp4,2026-06-22T01:51:01.201846+00:00
episode_000058,58,/home/yan/myProjects/GenMem/annotation/observation.images.top/episode_000058.mp4,/home/yan/myProjects/GenMem/annotation/observation.images.wrist/episode_000058.mp4,3,0.3,64,82,62,52,smaller square-like,"Observe the shapes shown, wait, then touch the object which is smaller square-like.",/home/yan/myProjects/GenMem/annotation/shape_prompt_annotations/raw_frames/top/episode_000058_frame_000003.png,/home/yan/myProjects/GenMem/annotation/shape_prompt_annotations/marked_frames/top/episode_000058_frame_000003_red_point.png,/home/yan/myProjects/GenMem/annotation/shape_prompt_annotations/marked_videos/top/episode_000058_frame_000003_red_point_from_here.mp4,/home/yan/myProjects/GenMem/annotation/shape_prompt_annotations/raw_frames/wrist/episode_000058_frame_000003.png,/home/yan/myProjects/GenMem/annotation/shape_prompt_annotations/marked_frames/wrist/episode_000058_frame_000003_red_point.png,/home/yan/myProjects/GenMem/annotation/shape_prompt_annotations/marked_videos/wrist/episode_000058_frame_000003_red_point_from_here.mp4,2026-06-22T02:03:58.274109+00:00
episode_000059,59,/home/yan/myProjects/GenMem/annotation/observation.images.top/episode_000059.mp4,/home/yan/myProjects/GenMem/annotation/observation.images.wrist/episode_000059.mp4,10,1.0,82,68,29,80,U-shaped,"Observe the shapes shown, wait, then touch the object which is U-shaped.",/home/yan/myProjects/GenMem/annotation/shape_prompt_annotations/raw_frames/top/episode_000059_frame_000010.png,/home/yan/myProjects/GenMem/annotation/shape_prompt_annotations/marked_frames/top/episode_000059_frame_000010_red_point.png,/home/yan/myProjects/GenMem/annotation/shape_prompt_annotations/marked_videos/top/episode_000059_frame_000010_red_point_from_here.mp4,/home/yan/myProjects/GenMem/annotation/shape_prompt_annotations/raw_frames/wrist/episode_000059_frame_000010.png,/home/yan/myProjects/GenMem/annotation/shape_prompt_annotations/marked_frames/wrist/episode_000059_frame_000010_red_point.png,/home/yan/myProjects/GenMem/annotation/shape_prompt_annotations/marked_videos/wrist/episode_000059_frame_000010_red_point_from_here.mp4,2026-06-22T02:04:06.572305+00:00
episode_000060,60,/home/yan/myProjects/GenMem/annotation/observation.images.top/episode_000060.mp4,/home/yan/myProjects/GenMem/annotation/observation.images.wrist/episode_000060.mp4,6,0.6,77,75,49,64,star-shaped,"Observe the shapes shown, wait, then touch the object which is star-shaped.",/home/yan/myProjects/GenMem/annotation/shape_prompt_annotations/raw_frames/top/episode_000060_frame_000006.png,/home/yan/myProjects/GenMem/annotation/shape_prompt_annotations/marked_frames/top/episode_000060_frame_000006_red_point.png,/home/yan/myProjects/GenMem/annotation/shape_prompt_annotations/marked_videos/top/episode_000060_frame_000006_red_point_from_here.mp4,/home/yan/myProjects/GenMem/annotation/shape_prompt_annotations/raw_frames/wrist/episode_000060_frame_000006.png,/home/yan/myProjects/GenMem/annotation/shape_prompt_annotations/marked_frames/wrist/episode_000060_frame_000006_red_point.png,/home/yan/myProjects/GenMem/annotation/shape_prompt_annotations/marked_videos/wrist/episode_000060_frame_000006_red_point_from_here.mp4,2026-06-22T02:04:14.830976+00:00
episode_000061,61,/home/yan/myProjects/GenMem/annotation/observation.images.top/episode_000061.mp4,/home/yan/myProjects/GenMem/annotation/observation.images.wrist/episode_000061.mp4,6,0.6,82,68,34,72,star-shaped,"Observe the shapes shown, wait, then touch the object which is star-shaped.",/home/yan/myProjects/GenMem/annotation/shape_prompt_annotations/raw_frames/top/episode_000061_frame_000006.png,/home/yan/myProjects/GenMem/annotation/shape_prompt_annotations/marked_frames/top/episode_000061_frame_000006_red_point.png,/home/yan/myProjects/GenMem/annotation/shape_prompt_annotations/marked_videos/top/episode_000061_frame_000006_red_point_from_here.mp4,/home/yan/myProjects/GenMem/annotation/shape_prompt_annotations/raw_frames/wrist/episode_000061_frame_000006.png,/home/yan/myProjects/GenMem/annotation/shape_prompt_annotations/marked_frames/wrist/episode_000061_frame_000006_red_point.png,/home/yan/myProjects/GenMem/annotation/shape_prompt_annotations/marked_videos/wrist/episode_000061_frame_000006_red_point_from_here.mp4,2026-06-22T02:04:23.799275+00:00
episode_000062,62,/home/yan/myProjects/GenMem/annotation/observation.images.top/episode_000062.mp4,/home/yan/myProjects/GenMem/annotation/observation.images.wrist/episode_000062.mp4,4,0.4,81,64,33,102,plus-shaped,"Observe the shapes shown, wait, then touch the object which is plus-shaped.",/home/yan/myProjects/GenMem/annotation/shape_prompt_annotations/raw_frames/top/episode_000062_frame_000004.png,/home/yan/myProjects/GenMem/annotation/shape_prompt_annotations/marked_frames/top/episode_000062_frame_000004_red_point.png,/home/yan/myProjects/GenMem/annotation/shape_prompt_annotations/marked_videos/top/episode_000062_frame_000004_red_point_from_here.mp4,/home/yan/myProjects/GenMem/annotation/shape_prompt_annotations/raw_frames/wrist/episode_000062_frame_000004.png,/home/yan/myProjects/GenMem/annotation/shape_prompt_annotations/marked_frames/wrist/episode_000062_frame_000004_red_point.png,/home/yan/myProjects/GenMem/annotation/shape_prompt_annotations/marked_videos/wrist/episode_000062_frame_000004_red_point_from_here.mp4,2026-06-22T02:04:35.494165+00:00
episode_000063,63,/home/yan/myProjects/GenMem/annotation/observation.images.top/episode_000063.mp4,/home/yan/myProjects/GenMem/annotation/observation.images.wrist/episode_000063.mp4,3,0.3,80,68,36,79,smaller square-like,"Observe the shapes shown, wait, then touch the object which is smaller square-like.",/home/yan/myProjects/GenMem/annotation/shape_prompt_annotations/raw_frames/top/episode_000063_frame_000003.png,/home/yan/myProjects/GenMem/annotation/shape_prompt_annotations/marked_frames/top/episode_000063_frame_000003_red_point.png,/home/yan/myProjects/GenMem/annotation/shape_prompt_annotations/marked_videos/top/episode_000063_frame_000003_red_point_from_here.mp4,/home/yan/myProjects/GenMem/annotation/shape_prompt_annotations/raw_frames/wrist/episode_000063_frame_000003.png,/home/yan/myProjects/GenMem/annotation/shape_prompt_annotations/marked_frames/wrist/episode_000063_frame_000003_red_point.png,/home/yan/myProjects/GenMem/annotation/shape_prompt_annotations/marked_videos/wrist/episode_000063_frame_000003_red_point_from_here.mp4,2026-06-22T02:04:54.506048+00:00
episode_000064,64,/home/yan/myProjects/GenMem/annotation/observation.images.top/episode_000064.mp4,/home/yan/myProjects/GenMem/annotation/observation.images.wrist/episode_000064.mp4,11,1.1,79,74,50,69,cylinder,"Observe the shapes shown, wait, then touch the object which is cylinder.",/home/yan/myProjects/GenMem/annotation/shape_prompt_annotations/raw_frames/top/episode_000064_frame_000011.png,/home/yan/myProjects/GenMem/annotation/shape_prompt_annotations/marked_frames/top/episode_000064_frame_000011_red_point.png,/home/yan/myProjects/GenMem/annotation/shape_prompt_annotations/marked_videos/top/episode_000064_frame_000011_red_point_from_here.mp4,/home/yan/myProjects/GenMem/annotation/shape_prompt_annotations/raw_frames/wrist/episode_000064_frame_000011.png,/home/yan/myProjects/GenMem/annotation/shape_prompt_annotations/marked_frames/wrist/episode_000064_frame_000011_red_point.png,/home/yan/myProjects/GenMem/annotation/shape_prompt_annotations/marked_videos/wrist/episode_000064_frame_000011_red_point_from_here.mp4,2026-06-22T02:05:03.111905+00:00
episode_000065,65,/home/yan/myProjects/GenMem/annotation/observation.images.top/episode_000065.mp4,/home/yan/myProjects/GenMem/annotation/observation.images.wrist/episode_000065.mp4,7,0.7,49,62,103,92,ring-shaped,"Observe the shapes shown, wait, then touch the object which is ring-shaped.",/home/yan/myProjects/GenMem/annotation/shape_prompt_annotations/raw_frames/top/episode_000065_frame_000007.png,/home/yan/myProjects/GenMem/annotation/shape_prompt_annotations/marked_frames/top/episode_000065_frame_000007_red_point.png,/home/yan/myProjects/GenMem/annotation/shape_prompt_annotations/marked_videos/top/episode_000065_frame_000007_red_point_from_here.mp4,/home/yan/myProjects/GenMem/annotation/shape_prompt_annotations/raw_frames/wrist/episode_000065_frame_000007.png,/home/yan/myProjects/GenMem/annotation/shape_prompt_annotations/marked_frames/wrist/episode_000065_frame_000007_red_point.png,/home/yan/myProjects/GenMem/annotation/shape_prompt_annotations/marked_videos/wrist/episode_000065_frame_000007_red_point_from_here.mp4,2026-06-22T02:05:16.577316+00:00
episode_000066,66,/home/yan/myProjects/GenMem/annotation/observation.images.top/episode_000066.mp4,/home/yan/myProjects/GenMem/annotation/observation.images.wrist/episode_000066.mp4,9,0.9,47,62,101,91,ring-shaped,"Observe the shapes shown, wait, then touch the object which is ring-shaped.",/home/yan/myProjects/GenMem/annotation/shape_prompt_annotations/raw_frames/top/episode_000066_frame_000009.png,/home/yan/myProjects/GenMem/annotation/shape_prompt_annotations/marked_frames/top/episode_000066_frame_000009_red_point.png,/home/yan/myProjects/GenMem/annotation/shape_prompt_annotations/marked_videos/top/episode_000066_frame_000009_red_point_from_here.mp4,/home/yan/myProjects/GenMem/annotation/shape_prompt_annotations/raw_frames/wrist/episode_000066_frame_000009.png,/home/yan/myProjects/GenMem/annotation/shape_prompt_annotations/marked_frames/wrist/episode_000066_frame_000009_red_point.png,/home/yan/myProjects/GenMem/annotation/shape_prompt_annotations/marked_videos/wrist/episode_000066_frame_000009_red_point_from_here.mp4,2026-06-22T02:05:28.104229+00:00
episode_000067,67,/home/yan/myProjects/GenMem/annotation/observation.images.top/episode_000067.mp4,/home/yan/myProjects/GenMem/annotation/observation.images.wrist/episode_000067.mp4,4,0.4,72,82,49,50,smaller square-like,"Observe the shapes shown, wait, then touch the object which is smaller square-like.",/home/yan/myProjects/GenMem/annotation/shape_prompt_annotations/raw_frames/top/episode_000067_frame_000004.png,/home/yan/myProjects/GenMem/annotation/shape_prompt_annotations/marked_frames/top/episode_000067_frame_000004_red_point.png,/home/yan/myProjects/GenMem/annotation/shape_prompt_annotations/marked_videos/top/episode_000067_frame_000004_red_point_from_here.mp4,/home/yan/myProjects/GenMem/annotation/shape_prompt_annotations/raw_frames/wrist/episode_000067_frame_000004.png,/home/yan/myProjects/GenMem/annotation/shape_prompt_annotations/marked_frames/wrist/episode_000067_frame_000004_red_point.png,/home/yan/myProjects/GenMem/annotation/shape_prompt_annotations/marked_videos/wrist/episode_000067_frame_000004_red_point_from_here.mp4,2026-06-22T02:05:38.803245+00:00
episode_000068,68,/home/yan/myProjects/GenMem/annotation/observation.images.top/episode_000068.mp4,/home/yan/myProjects/GenMem/annotation/observation.images.wrist/episode_000068.mp4,9,0.9,65,81,69,54,star-shaped,"Observe the shapes shown, wait, then touch the object which is star-shaped.",/home/yan/myProjects/GenMem/annotation/shape_prompt_annotations/raw_frames/top/episode_000068_frame_000009.png,/home/yan/myProjects/GenMem/annotation/shape_prompt_annotations/marked_frames/top/episode_000068_frame_000009_red_point.png,/home/yan/myProjects/GenMem/annotation/shape_prompt_annotations/marked_videos/top/episode_000068_frame_000009_red_point_from_here.mp4,/home/yan/myProjects/GenMem/annotation/shape_prompt_annotations/raw_frames/wrist/episode_000068_frame_000009.png,/home/yan/myProjects/GenMem/annotation/shape_prompt_annotations/marked_frames/wrist/episode_000068_frame_000009_red_point.png,/home/yan/myProjects/GenMem/annotation/shape_prompt_annotations/marked_videos/wrist/episode_000068_frame_000009_red_point_from_here.mp4,2026-06-22T02:05:48.950119+00:00
episode_000069,69,/home/yan/myProjects/GenMem/annotation/observation.images.top/episode_000069.mp4,/home/yan/myProjects/GenMem/annotation/observation.images.wrist/episode_000069.mp4,5,0.5,84,61,33,93,star-shaped,"Observe the shapes shown, wait, then touch the object which is star-shaped.",/home/yan/myProjects/GenMem/annotation/shape_prompt_annotations/raw_frames/top/episode_000069_frame_000005.png,/home/yan/myProjects/GenMem/annotation/shape_prompt_annotations/marked_frames/top/episode_000069_frame_000005_red_point.png,/home/yan/myProjects/GenMem/annotation/shape_prompt_annotations/marked_videos/top/episode_000069_frame_000005_red_point_from_here.mp4,/home/yan/myProjects/GenMem/annotation/shape_prompt_annotations/raw_frames/wrist/episode_000069_frame_000005.png,/home/yan/myProjects/GenMem/annotation/shape_prompt_annotations/marked_frames/wrist/episode_000069_frame_000005_red_point.png,/home/yan/myProjects/GenMem/annotation/shape_prompt_annotations/marked_videos/wrist/episode_000069_frame_000005_red_point_from_here.mp4,2026-06-22T02:06:00.329390+00:00
episode_000070,70,/home/yan/myProjects/GenMem/annotation/observation.images.top/episode_000070.mp4,/home/yan/myProjects/GenMem/annotation/observation.images.wrist/episode_000070.mp4,4,0.4,48,69,96,70,cylinder,"Observe the shapes shown, wait, then touch the object which is cylinder.",/home/yan/myProjects/GenMem/annotation/shape_prompt_annotations/raw_frames/top/episode_000070_frame_000004.png,/home/yan/myProjects/GenMem/annotation/shape_prompt_annotations/marked_frames/top/episode_000070_frame_000004_red_point.png,/home/yan/myProjects/GenMem/annotation/shape_prompt_annotations/marked_videos/top/episode_000070_frame_000004_red_point_from_here.mp4,/home/yan/myProjects/GenMem/annotation/shape_prompt_annotations/raw_frames/wrist/episode_000070_frame_000004.png,/home/yan/myProjects/GenMem/annotation/shape_prompt_annotations/marked_frames/wrist/episode_000070_frame_000004_red_point.png,/home/yan/myProjects/GenMem/annotation/shape_prompt_annotations/marked_videos/wrist/episode_000070_frame_000004_red_point_from_here.mp4,2026-06-22T02:06:15.774207+00:00
episode_000071,71,/home/yan/myProjects/GenMem/annotation/observation.images.top/episode_000071.mp4,/home/yan/myProjects/GenMem/annotation/observation.images.wrist/episode_000071.mp4,6,0.6,57,83,81,50,square,"Observe the shapes shown, wait, then touch the object which is square.",/home/yan/myProjects/GenMem/annotation/shape_prompt_annotations/raw_frames/top/episode_000071_frame_000006.png,/home/yan/myProjects/GenMem/annotation/shape_prompt_annotations/marked_frames/top/episode_000071_frame_000006_red_point.png,/home/yan/myProjects/GenMem/annotation/shape_prompt_annotations/marked_videos/top/episode_000071_frame_000006_red_point_from_here.mp4,/home/yan/myProjects/GenMem/annotation/shape_prompt_annotations/raw_frames/wrist/episode_000071_frame_000006.png,/home/yan/myProjects/GenMem/annotation/shape_prompt_annotations/marked_frames/wrist/episode_000071_frame_000006_red_point.png,/home/yan/myProjects/GenMem/annotation/shape_prompt_annotations/marked_videos/wrist/episode_000071_frame_000006_red_point_from_here.mp4,2026-06-22T02:06:31.127752+00:00
episode_000072,72,/home/yan/myProjects/GenMem/annotation/observation.images.top/episode_000072.mp4,/home/yan/myProjects/GenMem/annotation/observation.images.wrist/episode_000072.mp4,6,0.6,79,74,41,72,U-shaped,"Observe the shapes shown, wait, then touch the object which is U-shaped.",/home/yan/myProjects/GenMem/annotation/shape_prompt_annotations/raw_frames/top/episode_000072_frame_000006.png,/home/yan/myProjects/GenMem/annotation/shape_prompt_annotations/marked_frames/top/episode_000072_frame_000006_red_point.png,/home/yan/myProjects/GenMem/annotation/shape_prompt_annotations/marked_videos/top/episode_000072_frame_000006_red_point_from_here.mp4,/home/yan/myProjects/GenMem/annotation/shape_prompt_annotations/raw_frames/wrist/episode_000072_frame_000006.png,/home/yan/myProjects/GenMem/annotation/shape_prompt_annotations/marked_frames/wrist/episode_000072_frame_000006_red_point.png,/home/yan/myProjects/GenMem/annotation/shape_prompt_annotations/marked_videos/wrist/episode_000072_frame_000006_red_point_from_here.mp4,2026-06-22T02:06:39.524098+00:00
episode_000073,73,/home/yan/myProjects/GenMem/annotation/observation.images.top/episode_000073.mp4,/home/yan/myProjects/GenMem/annotation/observation.images.wrist/episode_000073.mp4,6,0.6,77,74,37,65,cylinder,"Observe the shapes shown, wait, then touch the object which is cylinder.",/home/yan/myProjects/GenMem/annotation/shape_prompt_annotations/raw_frames/top/episode_000073_frame_000006.png,/home/yan/myProjects/GenMem/annotation/shape_prompt_annotations/marked_frames/top/episode_000073_frame_000006_red_point.png,/home/yan/myProjects/GenMem/annotation/shape_prompt_annotations/marked_videos/top/episode_000073_frame_000006_red_point_from_here.mp4,/home/yan/myProjects/GenMem/annotation/shape_prompt_annotations/raw_frames/wrist/episode_000073_frame_000006.png,/home/yan/myProjects/GenMem/annotation/shape_prompt_annotations/marked_frames/wrist/episode_000073_frame_000006_red_point.png,/home/yan/myProjects/GenMem/annotation/shape_prompt_annotations/marked_videos/wrist/episode_000073_frame_000006_red_point_from_here.mp4,2026-06-22T02:06:47.827940+00:00
episode_000074,74,/home/yan/myProjects/GenMem/annotation/observation.images.top/episode_000074.mp4,/home/yan/myProjects/GenMem/annotation/observation.images.wrist/episode_000074.mp4,8,0.8,48,60,99,91,smaller square-like,"Observe the shapes shown, wait, then touch the object which is smaller square-like.",/home/yan/myProjects/GenMem/annotation/shape_prompt_annotations/raw_frames/top/episode_000074_frame_000008.png,/home/yan/myProjects/GenMem/annotation/shape_prompt_annotations/marked_frames/top/episode_000074_frame_000008_red_point.png,/home/yan/myProjects/GenMem/annotation/shape_prompt_annotations/marked_videos/top/episode_000074_frame_000008_red_point_from_here.mp4,/home/yan/myProjects/GenMem/annotation/shape_prompt_annotations/raw_frames/wrist/episode_000074_frame_000008.png,/home/yan/myProjects/GenMem/annotation/shape_prompt_annotations/marked_frames/wrist/episode_000074_frame_000008_red_point.png,/home/yan/myProjects/GenMem/annotation/shape_prompt_annotations/marked_videos/wrist/episode_000074_frame_000008_red_point_from_here.mp4,2026-06-22T02:06:58.151811+00:00
episode_000075,75,/home/yan/myProjects/GenMem/annotation/observation.images.top/episode_000075.mp4,/home/yan/myProjects/GenMem/annotation/observation.images.wrist/episode_000075.mp4,6,0.6,82,67,31,83,ball-shaped,"Observe the shapes shown, wait, then touch the object which is ball-shaped.",/home/yan/myProjects/GenMem/annotation/shape_prompt_annotations/raw_frames/top/episode_000075_frame_000006.png,/home/yan/myProjects/GenMem/annotation/shape_prompt_annotations/marked_frames/top/episode_000075_frame_000006_red_point.png,/home/yan/myProjects/GenMem/annotation/shape_prompt_annotations/marked_videos/top/episode_000075_frame_000006_red_point_from_here.mp4,/home/yan/myProjects/GenMem/annotation/shape_prompt_annotations/raw_frames/wrist/episode_000075_frame_000006.png,/home/yan/myProjects/GenMem/annotation/shape_prompt_annotations/marked_frames/wrist/episode_000075_frame_000006_red_point.png,/home/yan/myProjects/GenMem/annotation/shape_prompt_annotations/marked_videos/wrist/episode_000075_frame_000006_red_point_from_here.mp4,2026-06-22T02:07:07.962892+00:00
episode_000076,76,/home/yan/myProjects/GenMem/annotation/observation.images.top/episode_000076.mp4,/home/yan/myProjects/GenMem/annotation/observation.images.wrist/episode_000076.mp4,4,0.4,83,68,31,77,square,"Observe the shapes shown, wait, then touch the object which is square.",/home/yan/myProjects/GenMem/annotation/shape_prompt_annotations/raw_frames/top/episode_000076_frame_000004.png,/home/yan/myProjects/GenMem/annotation/shape_prompt_annotations/marked_frames/top/episode_000076_frame_000004_red_point.png,/home/yan/myProjects/GenMem/annotation/shape_prompt_annotations/marked_videos/top/episode_000076_frame_000004_red_point_from_here.mp4,/home/yan/myProjects/GenMem/annotation/shape_prompt_annotations/raw_frames/wrist/episode_000076_frame_000004.png,/home/yan/myProjects/GenMem/annotation/shape_prompt_annotations/marked_frames/wrist/episode_000076_frame_000004_red_point.png,/home/yan/myProjects/GenMem/annotation/shape_prompt_annotations/marked_videos/wrist/episode_000076_frame_000004_red_point_from_here.mp4,2026-06-22T02:07:17.141544+00:00
episode_000077,77,/home/yan/myProjects/GenMem/annotation/observation.images.top/episode_000077.mp4,/home/yan/myProjects/GenMem/annotation/observation.images.wrist/episode_000077.mp4,6,0.6,48,68,101,82,cylinder,"Observe the shapes shown, wait, then touch the object which is cylinder.",/home/yan/myProjects/GenMem/annotation/shape_prompt_annotations/raw_frames/top/episode_000077_frame_000006.png,/home/yan/myProjects/GenMem/annotation/shape_prompt_annotations/marked_frames/top/episode_000077_frame_000006_red_point.png,/home/yan/myProjects/GenMem/annotation/shape_prompt_annotations/marked_videos/top/episode_000077_frame_000006_red_point_from_here.mp4,/home/yan/myProjects/GenMem/annotation/shape_prompt_annotations/raw_frames/wrist/episode_000077_frame_000006.png,/home/yan/myProjects/GenMem/annotation/shape_prompt_annotations/marked_frames/wrist/episode_000077_frame_000006_red_point.png,/home/yan/myProjects/GenMem/annotation/shape_prompt_annotations/marked_videos/wrist/episode_000077_frame_000006_red_point_from_here.mp4,2026-06-22T02:07:29.041273+00:00
episode_000078,78,/home/yan/myProjects/GenMem/annotation/observation.images.top/episode_000078.mp4,/home/yan/myProjects/GenMem/annotation/observation.images.wrist/episode_000078.mp4,8,0.8,51,74,87,70,star-shaped,"Observe the shapes shown, wait, then touch the object which is star-shaped.",/home/yan/myProjects/GenMem/annotation/shape_prompt_annotations/raw_frames/top/episode_000078_frame_000008.png,/home/yan/myProjects/GenMem/annotation/shape_prompt_annotations/marked_frames/top/episode_000078_frame_000008_red_point.png,/home/yan/myProjects/GenMem/annotation/shape_prompt_annotations/marked_videos/top/episode_000078_frame_000008_red_point_from_here.mp4,/home/yan/myProjects/GenMem/annotation/shape_prompt_annotations/raw_frames/wrist/episode_000078_frame_000008.png,/home/yan/myProjects/GenMem/annotation/shape_prompt_annotations/marked_frames/wrist/episode_000078_frame_000008_red_point.png,/home/yan/myProjects/GenMem/annotation/shape_prompt_annotations/marked_videos/wrist/episode_000078_frame_000008_red_point_from_here.mp4,2026-06-22T02:07:47.156427+00:00
episode_000079,79,/home/yan/myProjects/GenMem/annotation/observation.images.top/episode_000079.mp4,/home/yan/myProjects/GenMem/annotation/observation.images.wrist/episode_000079.mp4,10,1.0,79,61,34,100,plus-shaped,"Observe the shapes shown, wait, then touch the object which is plus-shaped.",/home/yan/myProjects/GenMem/annotation/shape_prompt_annotations/raw_frames/top/episode_000079_frame_000010.png,/home/yan/myProjects/GenMem/annotation/shape_prompt_annotations/marked_frames/top/episode_000079_frame_000010_red_point.png,/home/yan/myProjects/GenMem/annotation/shape_prompt_annotations/marked_videos/top/episode_000079_frame_000010_red_point_from_here.mp4,/home/yan/myProjects/GenMem/annotation/shape_prompt_annotations/raw_frames/wrist/episode_000079_frame_000010.png,/home/yan/myProjects/GenMem/annotation/shape_prompt_annotations/marked_frames/wrist/episode_000079_frame_000010_red_point.png,/home/yan/myProjects/GenMem/annotation/shape_prompt_annotations/marked_videos/wrist/episode_000079_frame_000010_red_point_from_here.mp4,2026-06-22T02:08:01.606321+00:00
episode_000080,80,/home/yan/myProjects/GenMem/annotation/observation.images.top/episode_000080.mp4,/home/yan/myProjects/GenMem/annotation/observation.images.wrist/episode_000080.mp4,6,0.6,50,75,90,54,plus-shaped,"Observe the shapes shown, wait, then touch the object which is plus-shaped.",/home/yan/myProjects/GenMem/annotation/shape_prompt_annotations/raw_frames/top/episode_000080_frame_000006.png,/home/yan/myProjects/GenMem/annotation/shape_prompt_annotations/marked_frames/top/episode_000080_frame_000006_red_point.png,/home/yan/myProjects/GenMem/annotation/shape_prompt_annotations/marked_videos/top/episode_000080_frame_000006_red_point_from_here.mp4,/home/yan/myProjects/GenMem/annotation/shape_prompt_annotations/raw_frames/wrist/episode_000080_frame_000006.png,/home/yan/myProjects/GenMem/annotation/shape_prompt_annotations/marked_frames/wrist/episode_000080_frame_000006_red_point.png,/home/yan/myProjects/GenMem/annotation/shape_prompt_annotations/marked_videos/wrist/episode_000080_frame_000006_red_point_from_here.mp4,2026-06-22T02:08:09.510771+00:00
episode_000081,81,/home/yan/myProjects/GenMem/annotation/observation.images.top/episode_000081.mp4,/home/yan/myProjects/GenMem/annotation/observation.images.wrist/episode_000081.mp4,7,0.7,50,75,91,60,ring-shaped,"Observe the shapes shown, wait, then touch the object which is ring-shaped.",/home/yan/myProjects/GenMem/annotation/shape_prompt_annotations/raw_frames/top/episode_000081_frame_000007.png,/home/yan/myProjects/GenMem/annotation/shape_prompt_annotations/marked_frames/top/episode_000081_frame_000007_red_point.png,/home/yan/myProjects/GenMem/annotation/shape_prompt_annotations/marked_videos/top/episode_000081_frame_000007_red_point_from_here.mp4,/home/yan/myProjects/GenMem/annotation/shape_prompt_annotations/raw_frames/wrist/episode_000081_frame_000007.png,/home/yan/myProjects/GenMem/annotation/shape_prompt_annotations/marked_frames/wrist/episode_000081_frame_000007_red_point.png,/home/yan/myProjects/GenMem/annotation/shape_prompt_annotations/marked_videos/wrist/episode_000081_frame_000007_red_point_from_here.mp4,2026-06-22T02:08:19.185427+00:00
episode_000082,82,/home/yan/myProjects/GenMem/annotation/observation.images.top/episode_000082.mp4,/home/yan/myProjects/GenMem/annotation/observation.images.wrist/episode_000082.mp4,6,0.6,81,62,31,91,ball-shaped,"Observe the shapes shown, wait, then touch the object which is ball-shaped.",/home/yan/myProjects/GenMem/annotation/shape_prompt_annotations/raw_frames/top/episode_000082_frame_000006.png,/home/yan/myProjects/GenMem/annotation/shape_prompt_annotations/marked_frames/top/episode_000082_frame_000006_red_point.png,/home/yan/myProjects/GenMem/annotation/shape_prompt_annotations/marked_videos/top/episode_000082_frame_000006_red_point_from_here.mp4,/home/yan/myProjects/GenMem/annotation/shape_prompt_annotations/raw_frames/wrist/episode_000082_frame_000006.png,/home/yan/myProjects/GenMem/annotation/shape_prompt_annotations/marked_frames/wrist/episode_000082_frame_000006_red_point.png,/home/yan/myProjects/GenMem/annotation/shape_prompt_annotations/marked_videos/wrist/episode_000082_frame_000006_red_point_from_here.mp4,2026-06-22T02:08:38.308448+00:00
episode_000083,83,/home/yan/myProjects/GenMem/annotation/observation.images.top/episode_000083.mp4,/home/yan/myProjects/GenMem/annotation/observation.images.wrist/episode_000083.mp4,6,0.6,47,62,103,92,U-shaped,"Observe the shapes shown, wait, then touch the object which is U-shaped.",/home/yan/myProjects/GenMem/annotation/shape_prompt_annotations/raw_frames/top/episode_000083_frame_000006.png,/home/yan/myProjects/GenMem/annotation/shape_prompt_annotations/marked_frames/top/episode_000083_frame_000006_red_point.png,/home/yan/myProjects/GenMem/annotation/shape_prompt_annotations/marked_videos/top/episode_000083_frame_000006_red_point_from_here.mp4,/home/yan/myProjects/GenMem/annotation/shape_prompt_annotations/raw_frames/wrist/episode_000083_frame_000006.png,/home/yan/myProjects/GenMem/annotation/shape_prompt_annotations/marked_frames/wrist/episode_000083_frame_000006_red_point.png,/home/yan/myProjects/GenMem/annotation/shape_prompt_annotations/marked_videos/wrist/episode_000083_frame_000006_red_point_from_here.mp4,2026-06-22T02:08:56.945708+00:00
episode_000084,84,/home/yan/myProjects/GenMem/annotation/observation.images.top/episode_000084.mp4,/home/yan/myProjects/GenMem/annotation/observation.images.wrist/episode_000084.mp4,6,0.6,54,80,78,55,plus-shaped,"Observe the shapes shown, wait, then touch the object which is plus-shaped.",/home/yan/myProjects/GenMem/annotation/shape_prompt_annotations/raw_frames/top/episode_000084_frame_000006.png,/home/yan/myProjects/GenMem/annotation/shape_prompt_annotations/marked_frames/top/episode_000084_frame_000006_red_point.png,/home/yan/myProjects/GenMem/annotation/shape_prompt_annotations/marked_videos/top/episode_000084_frame_000006_red_point_from_here.mp4,/home/yan/myProjects/GenMem/annotation/shape_prompt_annotations/raw_frames/wrist/episode_000084_frame_000006.png,/home/yan/myProjects/GenMem/annotation/shape_prompt_annotations/marked_frames/wrist/episode_000084_frame_000006_red_point.png,/home/yan/myProjects/GenMem/annotation/shape_prompt_annotations/marked_videos/wrist/episode_000084_frame_000006_red_point_from_here.mp4,2026-06-22T02:09:25.707289+00:00
episode_000085,85,/home/yan/myProjects/GenMem/annotation/observation.images.top/episode_000085.mp4,/home/yan/myProjects/GenMem/annotation/observation.images.wrist/episode_000085.mp4,2,0.2,77,76,49,63,plus-shaped,"Observe the shapes shown, wait, then touch the object which is plus-shaped.",/home/yan/myProjects/GenMem/annotation/shape_prompt_annotations/raw_frames/top/episode_000085_frame_000002.png,/home/yan/myProjects/GenMem/annotation/shape_prompt_annotations/marked_frames/top/episode_000085_frame_000002_red_point.png,/home/yan/myProjects/GenMem/annotation/shape_prompt_annotations/marked_videos/top/episode_000085_frame_000002_red_point_from_here.mp4,/home/yan/myProjects/GenMem/annotation/shape_prompt_annotations/raw_frames/wrist/episode_000085_frame_000002.png,/home/yan/myProjects/GenMem/annotation/shape_prompt_annotations/marked_frames/wrist/episode_000085_frame_000002_red_point.png,/home/yan/myProjects/GenMem/annotation/shape_prompt_annotations/marked_videos/wrist/episode_000085_frame_000002_red_point_from_here.mp4,2026-06-22T02:10:04.424891+00:00
episode_000086,86,/home/yan/myProjects/GenMem/annotation/observation.images.top/episode_000086.mp4,/home/yan/myProjects/GenMem/annotation/observation.images.wrist/episode_000086.mp4,3,0.3,78,62,44,97,ball-shaped,"Observe the shapes shown, wait, then touch the object which is ball-shaped.",/home/yan/myProjects/GenMem/annotation/shape_prompt_annotations/raw_frames/top/episode_000086_frame_000003.png,/home/yan/myProjects/GenMem/annotation/shape_prompt_annotations/marked_frames/top/episode_000086_frame_000003_red_point.png,/home/yan/myProjects/GenMem/annotation/shape_prompt_annotations/marked_videos/top/episode_000086_frame_000003_red_point_from_here.mp4,/home/yan/myProjects/GenMem/annotation/shape_prompt_annotations/raw_frames/wrist/episode_000086_frame_000003.png,/home/yan/myProjects/GenMem/annotation/shape_prompt_annotations/marked_frames/wrist/episode_000086_frame_000003_red_point.png,/home/yan/myProjects/GenMem/annotation/shape_prompt_annotations/marked_videos/wrist/episode_000086_frame_000003_red_point_from_here.mp4,2026-06-22T02:10:40.086727+00:00
episode_000087,87,/home/yan/myProjects/GenMem/annotation/observation.images.top/episode_000087.mp4,/home/yan/myProjects/GenMem/annotation/observation.images.wrist/episode_000087.mp4,7,0.7,81,61,36,103,U-shaped,"Observe the shapes shown, wait, then touch the object which is U-shaped.",/home/yan/myProjects/GenMem/annotation/shape_prompt_annotations/raw_frames/top/episode_000087_frame_000007.png,/home/yan/myProjects/GenMem/annotation/shape_prompt_annotations/marked_frames/top/episode_000087_frame_000007_red_point.png,/home/yan/myProjects/GenMem/annotation/shape_prompt_annotations/marked_videos/top/episode_000087_frame_000007_red_point_from_here.mp4,/home/yan/myProjects/GenMem/annotation/shape_prompt_annotations/raw_frames/wrist/episode_000087_frame_000007.png,/home/yan/myProjects/GenMem/annotation/shape_prompt_annotations/marked_frames/wrist/episode_000087_frame_000007_red_point.png,/home/yan/myProjects/GenMem/annotation/shape_prompt_annotations/marked_videos/wrist/episode_000087_frame_000007_red_point_from_here.mp4,2026-06-22T02:11:36.276302+00:00
episode_000088,88,/home/yan/myProjects/GenMem/annotation/observation.images.top/episode_000088.mp4,/home/yan/myProjects/GenMem/annotation/observation.images.wrist/episode_000088.mp4,7,0.7,67,81,65,57,U-shaped,"Observe the shapes shown, wait, then touch the object which is U-shaped.",/home/yan/myProjects/GenMem/annotation/shape_prompt_annotations/raw_frames/top/episode_000088_frame_000007.png,/home/yan/myProjects/GenMem/annotation/shape_prompt_annotations/marked_frames/top/episode_000088_frame_000007_red_point.png,/home/yan/myProjects/GenMem/annotation/shape_prompt_annotations/marked_videos/top/episode_000088_frame_000007_red_point_from_here.mp4,/home/yan/myProjects/GenMem/annotation/shape_prompt_annotations/raw_frames/wrist/episode_000088_frame_000007.png,/home/yan/myProjects/GenMem/annotation/shape_prompt_annotations/marked_frames/wrist/episode_000088_frame_000007_red_point.png,/home/yan/myProjects/GenMem/annotation/shape_prompt_annotations/marked_videos/wrist/episode_000088_frame_000007_red_point_from_here.mp4,2026-06-22T02:11:48.682194+00:00
episode_000089,89,/home/yan/myProjects/GenMem/annotation/observation.images.top/episode_000089.mp4,/home/yan/myProjects/GenMem/annotation/observation.images.wrist/episode_000089.mp4,8,0.8,80,68,34,78,star-shaped,"Observe the shapes shown, wait, then touch the object which is star-shaped.",/home/yan/myProjects/GenMem/annotation/shape_prompt_annotations/raw_frames/top/episode_000089_frame_000008.png,/home/yan/myProjects/GenMem/annotation/shape_prompt_annotations/marked_frames/top/episode_000089_frame_000008_red_point.png,/home/yan/myProjects/GenMem/annotation/shape_prompt_annotations/marked_videos/top/episode_000089_frame_000008_red_point_from_here.mp4,/home/yan/myProjects/GenMem/annotation/shape_prompt_annotations/raw_frames/wrist/episode_000089_frame_000008.png,/home/yan/myProjects/GenMem/annotation/shape_prompt_annotations/marked_frames/wrist/episode_000089_frame_000008_red_point.png,/home/yan/myProjects/GenMem/annotation/shape_prompt_annotations/marked_videos/wrist/episode_000089_frame_000008_red_point_from_here.mp4,2026-06-22T02:11:59.077204+00:00
episode_000090,90,/home/yan/myProjects/GenMem/annotation/observation.images.top/episode_000090.mp4,/home/yan/myProjects/GenMem/annotation/observation.images.wrist/episode_000090.mp4,9,0.9,81,76,43,72,star-shaped,"Observe the shapes shown, wait, then touch the object which is star-shaped.",/home/yan/myProjects/GenMem/annotation/shape_prompt_annotations/raw_frames/top/episode_000090_frame_000009.png,/home/yan/myProjects/GenMem/annotation/shape_prompt_annotations/marked_frames/top/episode_000090_frame_000009_red_point.png,/home/yan/myProjects/GenMem/annotation/shape_prompt_annotations/marked_videos/top/episode_000090_frame_000009_red_point_from_here.mp4,/home/yan/myProjects/GenMem/annotation/shape_prompt_annotations/raw_frames/wrist/episode_000090_frame_000009.png,/home/yan/myProjects/GenMem/annotation/shape_prompt_annotations/marked_frames/wrist/episode_000090_frame_000009_red_point.png,/home/yan/myProjects/GenMem/annotation/shape_prompt_annotations/marked_videos/wrist/episode_000090_frame_000009_red_point_from_here.mp4,2026-06-22T02:12:21.867235+00:00
episode_000091,91,/home/yan/myProjects/GenMem/annotation/observation.images.top/episode_000091.mp4,/home/yan/myProjects/GenMem/annotation/observation.images.wrist/episode_000091.mp4,9,0.9,51,60,96,91,T-shaped,"Observe the shapes shown, wait, then touch the object which is T-shaped.",/home/yan/myProjects/GenMem/annotation/shape_prompt_annotations/raw_frames/top/episode_000091_frame_000009.png,/home/yan/myProjects/GenMem/annotation/shape_prompt_annotations/marked_frames/top/episode_000091_frame_000009_red_point.png,/home/yan/myProjects/GenMem/annotation/shape_prompt_annotations/marked_videos/top/episode_000091_frame_000009_red_point_from_here.mp4,/home/yan/myProjects/GenMem/annotation/shape_prompt_annotations/raw_frames/wrist/episode_000091_frame_000009.png,/home/yan/myProjects/GenMem/annotation/shape_prompt_annotations/marked_frames/wrist/episode_000091_frame_000009_red_point.png,/home/yan/myProjects/GenMem/annotation/shape_prompt_annotations/marked_videos/wrist/episode_000091_frame_000009_red_point_from_here.mp4,2026-06-22T02:12:35.652644+00:00
episode_000092,92,/home/yan/myProjects/GenMem/annotation/observation.images.top/episode_000092.mp4,/home/yan/myProjects/GenMem/annotation/observation.images.wrist/episode_000092.mp4,2,0.2,74,80,53,59,T-shaped,"Observe the shapes shown, wait, then touch the object which is T-shaped.",/home/yan/myProjects/GenMem/annotation/shape_prompt_annotations/raw_frames/top/episode_000092_frame_000002.png,/home/yan/myProjects/GenMem/annotation/shape_prompt_annotations/marked_frames/top/episode_000092_frame_000002_red_point.png,/home/yan/myProjects/GenMem/annotation/shape_prompt_annotations/marked_videos/top/episode_000092_frame_000002_red_point_from_here.mp4,/home/yan/myProjects/GenMem/annotation/shape_prompt_annotations/raw_frames/wrist/episode_000092_frame_000002.png,/home/yan/myProjects/GenMem/annotation/shape_prompt_annotations/marked_frames/wrist/episode_000092_frame_000002_red_point.png,/home/yan/myProjects/GenMem/annotation/shape_prompt_annotations/marked_videos/wrist/episode_000092_frame_000002_red_point_from_here.mp4,2026-06-22T02:12:44.851966+00:00
episode_000093,93,/home/yan/myProjects/GenMem/annotation/observation.images.top/episode_000093.mp4,/home/yan/myProjects/GenMem/annotation/observation.images.wrist/episode_000093.mp4,6,0.6,68,83,62,46,T-shaped,"Observe the shapes shown, wait, then touch the object which is T-shaped.",/home/yan/myProjects/GenMem/annotation/shape_prompt_annotations/raw_frames/top/episode_000093_frame_000006.png,/home/yan/myProjects/GenMem/annotation/shape_prompt_annotations/marked_frames/top/episode_000093_frame_000006_red_point.png,/home/yan/myProjects/GenMem/annotation/shape_prompt_annotations/marked_videos/top/episode_000093_frame_000006_red_point_from_here.mp4,/home/yan/myProjects/GenMem/annotation/shape_prompt_annotations/raw_frames/wrist/episode_000093_frame_000006.png,/home/yan/myProjects/GenMem/annotation/shape_prompt_annotations/marked_frames/wrist/episode_000093_frame_000006_red_point.png,/home/yan/myProjects/GenMem/annotation/shape_prompt_annotations/marked_videos/wrist/episode_000093_frame_000006_red_point_from_here.mp4,2026-06-22T02:12:51.471203+00:00
episode_000094,94,/home/yan/myProjects/GenMem/annotation/observation.images.top/episode_000094.mp4,/home/yan/myProjects/GenMem/annotation/observation.images.wrist/episode_000094.mp4,6,0.6,81,67,37,88,square,"Observe the shapes shown, wait, then touch the object which is square.",/home/yan/myProjects/GenMem/annotation/shape_prompt_annotations/raw_frames/top/episode_000094_frame_000006.png,/home/yan/myProjects/GenMem/annotation/shape_prompt_annotations/marked_frames/top/episode_000094_frame_000006_red_point.png,/home/yan/myProjects/GenMem/annotation/shape_prompt_annotations/marked_videos/top/episode_000094_frame_000006_red_point_from_here.mp4,/home/yan/myProjects/GenMem/annotation/shape_prompt_annotations/raw_frames/wrist/episode_000094_frame_000006.png,/home/yan/myProjects/GenMem/annotation/shape_prompt_annotations/marked_frames/wrist/episode_000094_frame_000006_red_point.png,/home/yan/myProjects/GenMem/annotation/shape_prompt_annotations/marked_videos/wrist/episode_000094_frame_000006_red_point_from_here.mp4,2026-06-22T02:13:26.494519+00:00
episode_000095,95,/home/yan/myProjects/GenMem/annotation/observation.images.top/episode_000095.mp4,/home/yan/myProjects/GenMem/annotation/observation.images.wrist/episode_000095.mp4,3,0.3,73,80,52,58,cylinder,"Observe the shapes shown, wait, then touch the object which is cylinder.",/home/yan/myProjects/GenMem/annotation/shape_prompt_annotations/raw_frames/top/episode_000095_frame_000003.png,/home/yan/myProjects/GenMem/annotation/shape_prompt_annotations/marked_frames/top/episode_000095_frame_000003_red_point.png,/home/yan/myProjects/GenMem/annotation/shape_prompt_annotations/marked_videos/top/episode_000095_frame_000003_red_point_from_here.mp4,/home/yan/myProjects/GenMem/annotation/shape_prompt_annotations/raw_frames/wrist/episode_000095_frame_000003.png,/home/yan/myProjects/GenMem/annotation/shape_prompt_annotations/marked_frames/wrist/episode_000095_frame_000003_red_point.png,/home/yan/myProjects/GenMem/annotation/shape_prompt_annotations/marked_videos/wrist/episode_000095_frame_000003_red_point_from_here.mp4,2026-06-22T02:13:57.544347+00:00
episode_000096,96,/home/yan/myProjects/GenMem/annotation/observation.images.top/episode_000096.mp4,/home/yan/myProjects/GenMem/annotation/observation.images.wrist/episode_000096.mp4,8,0.8,50,75,91,67,plus-shaped,"Observe the shapes shown, wait, then touch the object which is plus-shaped.",/home/yan/myProjects/GenMem/annotation/shape_prompt_annotations/raw_frames/top/episode_000096_frame_000008.png,/home/yan/myProjects/GenMem/annotation/shape_prompt_annotations/marked_frames/top/episode_000096_frame_000008_red_point.png,/home/yan/myProjects/GenMem/annotation/shape_prompt_annotations/marked_videos/top/episode_000096_frame_000008_red_point_from_here.mp4,/home/yan/myProjects/GenMem/annotation/shape_prompt_annotations/raw_frames/wrist/episode_000096_frame_000008.png,/home/yan/myProjects/GenMem/annotation/shape_prompt_annotations/marked_frames/wrist/episode_000096_frame_000008_red_point.png,/home/yan/myProjects/GenMem/annotation/shape_prompt_annotations/marked_videos/wrist/episode_000096_frame_000008_red_point_from_here.mp4,2026-06-22T02:14:06.085394+00:00
episode_000097,97,/home/yan/myProjects/GenMem/annotation/observation.images.top/episode_000097.mp4,/home/yan/myProjects/GenMem/annotation/observation.images.wrist/episode_000097.mp4,4,0.4,48,61,96,100,smaller square-like,"Observe the shapes shown, wait, then touch the object which is smaller square-like.",/home/yan/myProjects/GenMem/annotation/shape_prompt_annotations/raw_frames/top/episode_000097_frame_000004.png,/home/yan/myProjects/GenMem/annotation/shape_prompt_annotations/marked_frames/top/episode_000097_frame_000004_red_point.png,/home/yan/myProjects/GenMem/annotation/shape_prompt_annotations/marked_videos/top/episode_000097_frame_000004_red_point_from_here.mp4,/home/yan/myProjects/GenMem/annotation/shape_prompt_annotations/raw_frames/wrist/episode_000097_frame_000004.png,/home/yan/myProjects/GenMem/annotation/shape_prompt_annotations/marked_frames/wrist/episode_000097_frame_000004_red_point.png,/home/yan/myProjects/GenMem/annotation/shape_prompt_annotations/marked_videos/wrist/episode_000097_frame_000004_red_point_from_here.mp4,2026-06-22T02:14:57.870005+00:00
episode_000098,98,/home/yan/myProjects/GenMem/annotation/observation.images.top/episode_000098.mp4,/home/yan/myProjects/GenMem/annotation/observation.images.wrist/episode_000098.mp4,4,0.4,50,76,86,64,plus-shaped,"Observe the shapes shown, wait, then touch the object which is plus-shaped.",/home/yan/myProjects/GenMem/annotation/shape_prompt_annotations/raw_frames/top/episode_000098_frame_000004.png,/home/yan/myProjects/GenMem/annotation/shape_prompt_annotations/marked_frames/top/episode_000098_frame_000004_red_point.png,/home/yan/myProjects/GenMem/annotation/shape_prompt_annotations/marked_videos/top/episode_000098_frame_000004_red_point_from_here.mp4,/home/yan/myProjects/GenMem/annotation/shape_prompt_annotations/raw_frames/wrist/episode_000098_frame_000004.png,/home/yan/myProjects/GenMem/annotation/shape_prompt_annotations/marked_frames/wrist/episode_000098_frame_000004_red_point.png,/home/yan/myProjects/GenMem/annotation/shape_prompt_annotations/marked_videos/wrist/episode_000098_frame_000004_red_point_from_here.mp4,2026-06-22T02:16:10.455682+00:00
episode_000099,99,/home/yan/myProjects/GenMem/annotation/observation.images.top/episode_000099.mp4,/home/yan/myProjects/GenMem/annotation/observation.images.wrist/episode_000099.mp4,7,0.7,73,79,42,65,ball-shaped,"Observe the shapes shown, wait, then touch the object which is ball-shaped.",/home/yan/myProjects/GenMem/annotation/shape_prompt_annotations/raw_frames/top/episode_000099_frame_000007.png,/home/yan/myProjects/GenMem/annotation/shape_prompt_annotations/marked_frames/top/episode_000099_frame_000007_red_point.png,/home/yan/myProjects/GenMem/annotation/shape_prompt_annotations/marked_videos/top/episode_000099_frame_000007_red_point_from_here.mp4,/home/yan/myProjects/GenMem/annotation/shape_prompt_annotations/raw_frames/wrist/episode_000099_frame_000007.png,/home/yan/myProjects/GenMem/annotation/shape_prompt_annotations/marked_frames/wrist/episode_000099_frame_000007_red_point.png,/home/yan/myProjects/GenMem/annotation/shape_prompt_annotations/marked_videos/wrist/episode_000099_frame_000007_red_point_from_here.mp4,2026-06-22T02:16:25.569705+00:00
episode_000100,100,/home/yan/myProjects/GenMem/annotation/observation.images.top/episode_000100.mp4,/home/yan/myProjects/GenMem/annotation/observation.images.wrist/episode_000100.mp4,8,0.8,49,62,103,92,ring-shaped,"Observe the shapes shown, wait, then touch the object which is ring-shaped.",/home/yan/myProjects/GenMem/annotation/shape_prompt_annotations/raw_frames/top/episode_000100_frame_000008.png,/home/yan/myProjects/GenMem/annotation/shape_prompt_annotations/marked_frames/top/episode_000100_frame_000008_red_point.png,/home/yan/myProjects/GenMem/annotation/shape_prompt_annotations/marked_videos/top/episode_000100_frame_000008_red_point_from_here.mp4,/home/yan/myProjects/GenMem/annotation/shape_prompt_annotations/raw_frames/wrist/episode_000100_frame_000008.png,/home/yan/myProjects/GenMem/annotation/shape_prompt_annotations/marked_frames/wrist/episode_000100_frame_000008_red_point.png,/home/yan/myProjects/GenMem/annotation/shape_prompt_annotations/marked_videos/wrist/episode_000100_frame_000008_red_point_from_here.mp4,2026-06-22T02:16:56.678421+00:00
episode_000101,101,/home/yan/myProjects/GenMem/annotation/observation.images.top/episode_000101.mp4,/home/yan/myProjects/GenMem/annotation/observation.images.wrist/episode_000101.mp4,8,0.8,72,79,51,55,smaller square-like,"Observe the shapes shown, wait, then touch the object which is smaller square-like.",/home/yan/myProjects/GenMem/annotation/shape_prompt_annotations/raw_frames/top/episode_000101_frame_000008.png,/home/yan/myProjects/GenMem/annotation/shape_prompt_annotations/marked_frames/top/episode_000101_frame_000008_red_point.png,/home/yan/myProjects/GenMem/annotation/shape_prompt_annotations/marked_videos/top/episode_000101_frame_000008_red_point_from_here.mp4,/home/yan/myProjects/GenMem/annotation/shape_prompt_annotations/raw_frames/wrist/episode_000101_frame_000008.png,/home/yan/myProjects/GenMem/annotation/shape_prompt_annotations/marked_frames/wrist/episode_000101_frame_000008_red_point.png,/home/yan/myProjects/GenMem/annotation/shape_prompt_annotations/marked_videos/wrist/episode_000101_frame_000008_red_point_from_here.mp4,2026-06-22T02:17:29.336439+00:00
episode_000102,102,/home/yan/myProjects/GenMem/annotation/observation.images.top/episode_000102.mp4,/home/yan/myProjects/GenMem/annotation/observation.images.wrist/episode_000102.mp4,5,0.5,78,76,46,67,smaller square-like,"Observe the shapes shown, wait, then touch the object which is smaller square-like.",/home/yan/myProjects/GenMem/annotation/shape_prompt_annotations/raw_frames/top/episode_000102_frame_000005.png,/home/yan/myProjects/GenMem/annotation/shape_prompt_annotations/marked_frames/top/episode_000102_frame_000005_red_point.png,/home/yan/myProjects/GenMem/annotation/shape_prompt_annotations/marked_videos/top/episode_000102_frame_000005_red_point_from_here.mp4,/home/yan/myProjects/GenMem/annotation/shape_prompt_annotations/raw_frames/wrist/episode_000102_frame_000005.png,/home/yan/myProjects/GenMem/annotation/shape_prompt_annotations/marked_frames/wrist/episode_000102_frame_000005_red_point.png,/home/yan/myProjects/GenMem/annotation/shape_prompt_annotations/marked_videos/wrist/episode_000102_frame_000005_red_point_from_here.mp4,2026-06-22T02:17:40.118642+00:00
episode_000103,103,/home/yan/myProjects/GenMem/annotation/observation.images.top/episode_000103.mp4,/home/yan/myProjects/GenMem/annotation/observation.images.wrist/episode_000103.mp4,7,0.7,45,69,104,76,U-shaped,"Observe the shapes shown, wait, then touch the object which is U-shaped.",/home/yan/myProjects/GenMem/annotation/shape_prompt_annotations/raw_frames/top/episode_000103_frame_000007.png,/home/yan/myProjects/GenMem/annotation/shape_prompt_annotations/marked_frames/top/episode_000103_frame_000007_red_point.png,/home/yan/myProjects/GenMem/annotation/shape_prompt_annotations/marked_videos/top/episode_000103_frame_000007_red_point_from_here.mp4,/home/yan/myProjects/GenMem/annotation/shape_prompt_annotations/raw_frames/wrist/episode_000103_frame_000007.png,/home/yan/myProjects/GenMem/annotation/shape_prompt_annotations/marked_frames/wrist/episode_000103_frame_000007_red_point.png,/home/yan/myProjects/GenMem/annotation/shape_prompt_annotations/marked_videos/wrist/episode_000103_frame_000007_red_point_from_here.mp4,2026-06-22T02:17:49.794108+00:00
episode_000104,104,/home/yan/myProjects/GenMem/annotation/observation.images.top/episode_000104.mp4,/home/yan/myProjects/GenMem/annotation/observation.images.wrist/episode_000104.mp4,8,0.8,79,66,41,77,plus-shaped,"Observe the shapes shown, wait, then touch the object which is plus-shaped.",/home/yan/myProjects/GenMem/annotation/shape_prompt_annotations/raw_frames/top/episode_000104_frame_000008.png,/home/yan/myProjects/GenMem/annotation/shape_prompt_annotations/marked_frames/top/episode_000104_frame_000008_red_point.png,/home/yan/myProjects/GenMem/annotation/shape_prompt_annotations/marked_videos/top/episode_000104_frame_000008_red_point_from_here.mp4,/home/yan/myProjects/GenMem/annotation/shape_prompt_annotations/raw_frames/wrist/episode_000104_frame_000008.png,/home/yan/myProjects/GenMem/annotation/shape_prompt_annotations/marked_frames/wrist/episode_000104_frame_000008_red_point.png,/home/yan/myProjects/GenMem/annotation/shape_prompt_annotations/marked_videos/wrist/episode_000104_frame_000008_red_point_from_here.mp4,2026-06-22T02:17:58.110580+00:00
episode_000105,105,/home/yan/myProjects/GenMem/annotation/observation.images.top/episode_000105.mp4,/home/yan/myProjects/GenMem/annotation/observation.images.wrist/episode_000105.mp4,5,0.5,79,75,42,56,ball-shaped,"Observe the shapes shown, wait, then touch the object which is ball-shaped.",/home/yan/myProjects/GenMem/annotation/shape_prompt_annotations/raw_frames/top/episode_000105_frame_000005.png,/home/yan/myProjects/GenMem/annotation/shape_prompt_annotations/marked_frames/top/episode_000105_frame_000005_red_point.png,/home/yan/myProjects/GenMem/annotation/shape_prompt_annotations/marked_videos/top/episode_000105_frame_000005_red_point_from_here.mp4,/home/yan/myProjects/GenMem/annotation/shape_prompt_annotations/raw_frames/wrist/episode_000105_frame_000005.png,/home/yan/myProjects/GenMem/annotation/shape_prompt_annotations/marked_frames/wrist/episode_000105_frame_000005_red_point.png,/home/yan/myProjects/GenMem/annotation/shape_prompt_annotations/marked_videos/wrist/episode_000105_frame_000005_red_point_from_here.mp4,2026-06-22T02:18:12.323358+00:00
episode_000106,106,/home/yan/myProjects/GenMem/annotation/observation.images.top/episode_000106.mp4,/home/yan/myProjects/GenMem/annotation/observation.images.wrist/episode_000106.mp4,10,1.0,79,74,40,62,star-shaped,"Observe the shapes shown, wait, then touch the object which is star-shaped.",/home/yan/myProjects/GenMem/annotation/shape_prompt_annotations/raw_frames/top/episode_000106_frame_000010.png,/home/yan/myProjects/GenMem/annotation/shape_prompt_annotations/marked_frames/top/episode_000106_frame_000010_red_point.png,/home/yan/myProjects/GenMem/annotation/shape_prompt_annotations/marked_videos/top/episode_000106_frame_000010_red_point_from_here.mp4,/home/yan/myProjects/GenMem/annotation/shape_prompt_annotations/raw_frames/wrist/episode_000106_frame_000010.png,/home/yan/myProjects/GenMem/annotation/shape_prompt_annotations/marked_frames/wrist/episode_000106_frame_000010_red_point.png,/home/yan/myProjects/GenMem/annotation/shape_prompt_annotations/marked_videos/wrist/episode_000106_frame_000010_red_point_from_here.mp4,2026-06-22T02:18:20.109010+00:00
episode_000107,107,/home/yan/myProjects/GenMem/annotation/observation.images.top/episode_000107.mp4,/home/yan/myProjects/GenMem/annotation/observation.images.wrist/episode_000107.mp4,8,0.8,65,81,66,50,star-shaped,"Observe the shapes shown, wait, then touch the object which is star-shaped.",/home/yan/myProjects/GenMem/annotation/shape_prompt_annotations/raw_frames/top/episode_000107_frame_000008.png,/home/yan/myProjects/GenMem/annotation/shape_prompt_annotations/marked_frames/top/episode_000107_frame_000008_red_point.png,/home/yan/myProjects/GenMem/annotation/shape_prompt_annotations/marked_videos/top/episode_000107_frame_000008_red_point_from_here.mp4,/home/yan/myProjects/GenMem/annotation/shape_prompt_annotations/raw_frames/wrist/episode_000107_frame_000008.png,/home/yan/myProjects/GenMem/annotation/shape_prompt_annotations/marked_frames/wrist/episode_000107_frame_000008_red_point.png,/home/yan/myProjects/GenMem/annotation/shape_prompt_annotations/marked_videos/wrist/episode_000107_frame_000008_red_point_from_here.mp4,2026-06-22T02:18:37.576713+00:00
episode_000108,108,/home/yan/myProjects/GenMem/annotation/observation.images.top/episode_000108.mp4,/home/yan/myProjects/GenMem/annotation/observation.images.wrist/episode_000108.mp4,6,0.6,82,66,30,80,square,"Observe the shapes shown, wait, then touch the object which is square.",/home/yan/myProjects/GenMem/annotation/shape_prompt_annotations/raw_frames/top/episode_000108_frame_000006.png,/home/yan/myProjects/GenMem/annotation/shape_prompt_annotations/marked_frames/top/episode_000108_frame_000006_red_point.png,/home/yan/myProjects/GenMem/annotation/shape_prompt_annotations/marked_videos/top/episode_000108_frame_000006_red_point_from_here.mp4,/home/yan/myProjects/GenMem/annotation/shape_prompt_annotations/raw_frames/wrist/episode_000108_frame_000006.png,/home/yan/myProjects/GenMem/annotation/shape_prompt_annotations/marked_frames/wrist/episode_000108_frame_000006_red_point.png,/home/yan/myProjects/GenMem/annotation/shape_prompt_annotations/marked_videos/wrist/episode_000108_frame_000006_red_point_from_here.mp4,2026-06-22T02:18:43.881148+00:00
episode_000109,109,/home/yan/myProjects/GenMem/annotation/observation.images.top/episode_000109.mp4,/home/yan/myProjects/GenMem/annotation/observation.images.wrist/episode_000109.mp4,11,1.1,72,79,55,56,smaller square-like,"Observe the shapes shown, wait, then touch the object which is smaller square-like.",/home/yan/myProjects/GenMem/annotation/shape_prompt_annotations/raw_frames/top/episode_000109_frame_000011.png,/home/yan/myProjects/GenMem/annotation/shape_prompt_annotations/marked_frames/top/episode_000109_frame_000011_red_point.png,/home/yan/myProjects/GenMem/annotation/shape_prompt_annotations/marked_videos/top/episode_000109_frame_000011_red_point_from_here.mp4,/home/yan/myProjects/GenMem/annotation/shape_prompt_annotations/raw_frames/wrist/episode_000109_frame_000011.png,/home/yan/myProjects/GenMem/annotation/shape_prompt_annotations/marked_frames/wrist/episode_000109_frame_000011_red_point.png,/home/yan/myProjects/GenMem/annotation/shape_prompt_annotations/marked_videos/wrist/episode_000109_frame_000011_red_point_from_here.mp4,2026-06-22T02:18:52.278956+00:00
episode_000110,110,/home/yan/myProjects/GenMem/annotation/observation.images.top/episode_000110.mp4,/home/yan/myProjects/GenMem/annotation/observation.images.wrist/episode_000110.mp4,2,0.2,59,80,77,59,T-shaped,"Observe the shapes shown, wait, then touch the object which is T-shaped.",/home/yan/myProjects/GenMem/annotation/shape_prompt_annotations/raw_frames/top/episode_000110_frame_000002.png,/home/yan/myProjects/GenMem/annotation/shape_prompt_annotations/marked_frames/top/episode_000110_frame_000002_red_point.png,/home/yan/myProjects/GenMem/annotation/shape_prompt_annotations/marked_videos/top/episode_000110_frame_000002_red_point_from_here.mp4,/home/yan/myProjects/GenMem/annotation/shape_prompt_annotations/raw_frames/wrist/episode_000110_frame_000002.png,/home/yan/myProjects/GenMem/annotation/shape_prompt_annotations/marked_frames/wrist/episode_000110_frame_000002_red_point.png,/home/yan/myProjects/GenMem/annotation/shape_prompt_annotations/marked_videos/wrist/episode_000110_frame_000002_red_point_from_here.mp4,2026-06-22T02:19:06.476993+00:00
episode_000111,111,/home/yan/myProjects/GenMem/annotation/observation.images.top/episode_000111.mp4,/home/yan/myProjects/GenMem/annotation/observation.images.wrist/episode_000111.mp4,6,0.6,78,76,36,61,plus-shaped,"Observe the shapes shown, wait, then touch the object which is plus-shaped.",/home/yan/myProjects/GenMem/annotation/shape_prompt_annotations/raw_frames/top/episode_000111_frame_000006.png,/home/yan/myProjects/GenMem/annotation/shape_prompt_annotations/marked_frames/top/episode_000111_frame_000006_red_point.png,/home/yan/myProjects/GenMem/annotation/shape_prompt_annotations/marked_videos/top/episode_000111_frame_000006_red_point_from_here.mp4,/home/yan/myProjects/GenMem/annotation/shape_prompt_annotations/raw_frames/wrist/episode_000111_frame_000006.png,/home/yan/myProjects/GenMem/annotation/shape_prompt_annotations/marked_frames/wrist/episode_000111_frame_000006_red_point.png,/home/yan/myProjects/GenMem/annotation/shape_prompt_annotations/marked_videos/wrist/episode_000111_frame_000006_red_point_from_here.mp4,2026-06-22T02:19:32.525826+00:00
episode_000112,112,/home/yan/myProjects/GenMem/annotation/observation.images.top/episode_000112.mp4,/home/yan/myProjects/GenMem/annotation/observation.images.wrist/episode_000112.mp4,10,1.0,51,76,89,67,plus-shaped,"Observe the shapes shown, wait, then touch the object which is plus-shaped.",/home/yan/myProjects/GenMem/annotation/shape_prompt_annotations/raw_frames/top/episode_000112_frame_000010.png,/home/yan/myProjects/GenMem/annotation/shape_prompt_annotations/marked_frames/top/episode_000112_frame_000010_red_point.png,/home/yan/myProjects/GenMem/annotation/shape_prompt_annotations/marked_videos/top/episode_000112_frame_000010_red_point_from_here.mp4,/home/yan/myProjects/GenMem/annotation/shape_prompt_annotations/raw_frames/wrist/episode_000112_frame_000010.png,/home/yan/myProjects/GenMem/annotation/shape_prompt_annotations/marked_frames/wrist/episode_000112_frame_000010_red_point.png,/home/yan/myProjects/GenMem/annotation/shape_prompt_annotations/marked_videos/wrist/episode_000112_frame_000010_red_point_from_here.mp4,2026-06-22T02:19:39.784598+00:00
episode_000113,113,/home/yan/myProjects/GenMem/annotation/observation.images.top/episode_000113.mp4,/home/yan/myProjects/GenMem/annotation/observation.images.wrist/episode_000113.mp4,9,0.9,48,78,101,64,square,"Observe the shapes shown, wait, then touch the object which is square.",/home/yan/myProjects/GenMem/annotation/shape_prompt_annotations/raw_frames/top/episode_000113_frame_000009.png,/home/yan/myProjects/GenMem/annotation/shape_prompt_annotations/marked_frames/top/episode_000113_frame_000009_red_point.png,/home/yan/myProjects/GenMem/annotation/shape_prompt_annotations/marked_videos/top/episode_000113_frame_000009_red_point_from_here.mp4,/home/yan/myProjects/GenMem/annotation/shape_prompt_annotations/raw_frames/wrist/episode_000113_frame_000009.png,/home/yan/myProjects/GenMem/annotation/shape_prompt_annotations/marked_frames/wrist/episode_000113_frame_000009_red_point.png,/home/yan/myProjects/GenMem/annotation/shape_prompt_annotations/marked_videos/wrist/episode_000113_frame_000009_red_point_from_here.mp4,2026-06-22T02:19:52.700228+00:00
episode_000114,114,/home/yan/myProjects/GenMem/annotation/observation.images.top/episode_000114.mp4,/home/yan/myProjects/GenMem/annotation/observation.images.wrist/episode_000114.mp4,8,0.8,81,68,30,78,ring-shaped,"Observe the shapes shown, wait, then touch the object which is ring-shaped.",/home/yan/myProjects/GenMem/annotation/shape_prompt_annotations/raw_frames/top/episode_000114_frame_000008.png,/home/yan/myProjects/GenMem/annotation/shape_prompt_annotations/marked_frames/top/episode_000114_frame_000008_red_point.png,/home/yan/myProjects/GenMem/annotation/shape_prompt_annotations/marked_videos/top/episode_000114_frame_000008_red_point_from_here.mp4,/home/yan/myProjects/GenMem/annotation/shape_prompt_annotations/raw_frames/wrist/episode_000114_frame_000008.png,/home/yan/myProjects/GenMem/annotation/shape_prompt_annotations/marked_frames/wrist/episode_000114_frame_000008_red_point.png,/home/yan/myProjects/GenMem/annotation/shape_prompt_annotations/marked_videos/wrist/episode_000114_frame_000008_red_point_from_here.mp4,2026-06-22T02:20:58.316434+00:00
episode_000115,115,/home/yan/myProjects/GenMem/annotation/observation.images.top/episode_000115.mp4,/home/yan/myProjects/GenMem/annotation/observation.images.wrist/episode_000115.mp4,6,0.6,47,68,101,78,U-shaped,"Observe the shapes shown, wait, then touch the object which is U-shaped.",/home/yan/myProjects/GenMem/annotation/shape_prompt_annotations/raw_frames/top/episode_000115_frame_000006.png,/home/yan/myProjects/GenMem/annotation/shape_prompt_annotations/marked_frames/top/episode_000115_frame_000006_red_point.png,/home/yan/myProjects/GenMem/annotation/shape_prompt_annotations/marked_videos/top/episode_000115_frame_000006_red_point_from_here.mp4,/home/yan/myProjects/GenMem/annotation/shape_prompt_annotations/raw_frames/wrist/episode_000115_frame_000006.png,/home/yan/myProjects/GenMem/annotation/shape_prompt_annotations/marked_frames/wrist/episode_000115_frame_000006_red_point.png,/home/yan/myProjects/GenMem/annotation/shape_prompt_annotations/marked_videos/wrist/episode_000115_frame_000006_red_point_from_here.mp4,2026-06-22T02:21:08.209934+00:00
episode_000116,116,/home/yan/myProjects/GenMem/annotation/observation.images.top/episode_000116.mp4,/home/yan/myProjects/GenMem/annotation/observation.images.wrist/episode_000116.mp4,8,0.8,82,62,31,95,square,"Observe the shapes shown, wait, then touch the object which is square.",/home/yan/myProjects/GenMem/annotation/shape_prompt_annotations/raw_frames/top/episode_000116_frame_000008.png,/home/yan/myProjects/GenMem/annotation/shape_prompt_annotations/marked_frames/top/episode_000116_frame_000008_red_point.png,/home/yan/myProjects/GenMem/annotation/shape_prompt_annotations/marked_videos/top/episode_000116_frame_000008_red_point_from_here.mp4,/home/yan/myProjects/GenMem/annotation/shape_prompt_annotations/raw_frames/wrist/episode_000116_frame_000008.png,/home/yan/myProjects/GenMem/annotation/shape_prompt_annotations/marked_frames/wrist/episode_000116_frame_000008_red_point.png,/home/yan/myProjects/GenMem/annotation/shape_prompt_annotations/marked_videos/wrist/episode_000116_frame_000008_red_point_from_here.mp4,2026-06-22T02:21:18.519696+00:00
episode_000117,117,/home/yan/myProjects/GenMem/annotation/observation.images.top/episode_000117.mp4,/home/yan/myProjects/GenMem/annotation/observation.images.wrist/episode_000117.mp4,6,0.6,57,79,77,55,star-shaped,"Observe the shapes shown, wait, then touch the object which is star-shaped.",/home/yan/myProjects/GenMem/annotation/shape_prompt_annotations/raw_frames/top/episode_000117_frame_000006.png,/home/yan/myProjects/GenMem/annotation/shape_prompt_annotations/marked_frames/top/episode_000117_frame_000006_red_point.png,/home/yan/myProjects/GenMem/annotation/shape_prompt_annotations/marked_videos/top/episode_000117_frame_000006_red_point_from_here.mp4,/home/yan/myProjects/GenMem/annotation/shape_prompt_annotations/raw_frames/wrist/episode_000117_frame_000006.png,/home/yan/myProjects/GenMem/annotation/shape_prompt_annotations/marked_frames/wrist/episode_000117_frame_000006_red_point.png,/home/yan/myProjects/GenMem/annotation/shape_prompt_annotations/marked_videos/wrist/episode_000117_frame_000006_red_point_from_here.mp4,2026-06-22T02:21:27.159541+00:00
episode_000118,118,/home/yan/myProjects/GenMem/annotation/observation.images.top/episode_000118.mp4,/home/yan/myProjects/GenMem/annotation/observation.images.wrist/episode_000118.mp4,7,0.7,51,75,88,58,T-shaped,"Observe the shapes shown, wait, then touch the object which is T-shaped.",/home/yan/myProjects/GenMem/annotation/shape_prompt_annotations/raw_frames/top/episode_000118_frame_000007.png,/home/yan/myProjects/GenMem/annotation/shape_prompt_annotations/marked_frames/top/episode_000118_frame_000007_red_point.png,/home/yan/myProjects/GenMem/annotation/shape_prompt_annotations/marked_videos/top/episode_000118_frame_000007_red_point_from_here.mp4,/home/yan/myProjects/GenMem/annotation/shape_prompt_annotations/raw_frames/wrist/episode_000118_frame_000007.png,/home/yan/myProjects/GenMem/annotation/shape_prompt_annotations/marked_frames/wrist/episode_000118_frame_000007_red_point.png,/home/yan/myProjects/GenMem/annotation/shape_prompt_annotations/marked_videos/wrist/episode_000118_frame_000007_red_point_from_here.mp4,2026-06-22T02:22:04.230700+00:00
episode_000119,119,/home/yan/myProjects/GenMem/annotation/observation.images.top/episode_000119.mp4,/home/yan/myProjects/GenMem/annotation/observation.images.wrist/episode_000119.mp4,7,0.7,58,80,80,56,T-shaped,"Observe the shapes shown, wait, then touch the object which is T-shaped.",/home/yan/myProjects/GenMem/annotation/shape_prompt_annotations/raw_frames/top/episode_000119_frame_000007.png,/home/yan/myProjects/GenMem/annotation/shape_prompt_annotations/marked_frames/top/episode_000119_frame_000007_red_point.png,/home/yan/myProjects/GenMem/annotation/shape_prompt_annotations/marked_videos/top/episode_000119_frame_000007_red_point_from_here.mp4,/home/yan/myProjects/GenMem/annotation/shape_prompt_annotations/raw_frames/wrist/episode_000119_frame_000007.png,/home/yan/myProjects/GenMem/annotation/shape_prompt_annotations/marked_frames/wrist/episode_000119_frame_000007_red_point.png,/home/yan/myProjects/GenMem/annotation/shape_prompt_annotations/marked_videos/wrist/episode_000119_frame_000007_red_point_from_here.mp4,2026-06-22T02:22:11.188286+00:00
episode_000120,120,/home/yan/myProjects/GenMem/annotation/observation.images.top/episode_000120.mp4,/home/yan/myProjects/GenMem/annotation/observation.images.wrist/episode_000120.mp4,10,1.0,53,74,88,67,T-shaped,"Observe the shapes shown, wait, then touch the object which is T-shaped.",/home/yan/myProjects/GenMem/annotation/shape_prompt_annotations/raw_frames/top/episode_000120_frame_000010.png,/home/yan/myProjects/GenMem/annotation/shape_prompt_annotations/marked_frames/top/episode_000120_frame_000010_red_point.png,/home/yan/myProjects/GenMem/annotation/shape_prompt_annotations/marked_videos/top/episode_000120_frame_000010_red_point_from_here.mp4,/home/yan/myProjects/GenMem/annotation/shape_prompt_annotations/raw_frames/wrist/episode_000120_frame_000010.png,/home/yan/myProjects/GenMem/annotation/shape_prompt_annotations/marked_frames/wrist/episode_000120_frame_000010_red_point.png,/home/yan/myProjects/GenMem/annotation/shape_prompt_annotations/marked_videos/wrist/episode_000120_frame_000010_red_point_from_here.mp4,2026-06-22T02:22:17.265509+00:00
episode_000121,121,/home/yan/myProjects/GenMem/annotation/observation.images.top/episode_000121.mp4,/home/yan/myProjects/GenMem/annotation/observation.images.wrist/episode_000121.mp4,8,0.8,78,74,42,74,square,"Observe the shapes shown, wait, then touch the object which is square.",/home/yan/myProjects/GenMem/annotation/shape_prompt_annotations/raw_frames/top/episode_000121_frame_000008.png,/home/yan/myProjects/GenMem/annotation/shape_prompt_annotations/marked_frames/top/episode_000121_frame_000008_red_point.png,/home/yan/myProjects/GenMem/annotation/shape_prompt_annotations/marked_videos/top/episode_000121_frame_000008_red_point_from_here.mp4,/home/yan/myProjects/GenMem/annotation/shape_prompt_annotations/raw_frames/wrist/episode_000121_frame_000008.png,/home/yan/myProjects/GenMem/annotation/shape_prompt_annotations/marked_frames/wrist/episode_000121_frame_000008_red_point.png,/home/yan/myProjects/GenMem/annotation/shape_prompt_annotations/marked_videos/wrist/episode_000121_frame_000008_red_point_from_here.mp4,2026-06-22T02:22:27.232243+00:00
episode_000122,122,/home/yan/myProjects/GenMem/annotation/observation.images.top/episode_000122.mp4,/home/yan/myProjects/GenMem/annotation/observation.images.wrist/episode_000122.mp4,5,0.5,48,62,102,91,star-shaped,"Observe the shapes shown, wait, then touch the object which is star-shaped.",/home/yan/myProjects/GenMem/annotation/shape_prompt_annotations/raw_frames/top/episode_000122_frame_000005.png,/home/yan/myProjects/GenMem/annotation/shape_prompt_annotations/marked_frames/top/episode_000122_frame_000005_red_point.png,/home/yan/myProjects/GenMem/annotation/shape_prompt_annotations/marked_videos/top/episode_000122_frame_000005_red_point_from_here.mp4,/home/yan/myProjects/GenMem/annotation/shape_prompt_annotations/raw_frames/wrist/episode_000122_frame_000005.png,/home/yan/myProjects/GenMem/annotation/shape_prompt_annotations/marked_frames/wrist/episode_000122_frame_000005_red_point.png,/home/yan/myProjects/GenMem/annotation/shape_prompt_annotations/marked_videos/wrist/episode_000122_frame_000005_red_point_from_here.mp4,2026-06-22T02:22:46.250188+00:00
episode_000123,123,/home/yan/myProjects/GenMem/annotation/observation.images.top/episode_000123.mp4,/home/yan/myProjects/GenMem/annotation/observation.images.wrist/episode_000123.mp4,7,0.7,63,83,94,69,cylinder,"Observe the shapes shown, wait, then touch the object which is cylinder.",/home/yan/myProjects/GenMem/annotation/shape_prompt_annotations/raw_frames/top/episode_000123_frame_000007.png,/home/yan/myProjects/GenMem/annotation/shape_prompt_annotations/marked_frames/top/episode_000123_frame_000007_red_point.png,/home/yan/myProjects/GenMem/annotation/shape_prompt_annotations/marked_videos/top/episode_000123_frame_000007_red_point_from_here.mp4,/home/yan/myProjects/GenMem/annotation/shape_prompt_annotations/raw_frames/wrist/episode_000123_frame_000007.png,/home/yan/myProjects/GenMem/annotation/shape_prompt_annotations/marked_frames/wrist/episode_000123_frame_000007_red_point.png,/home/yan/myProjects/GenMem/annotation/shape_prompt_annotations/marked_videos/wrist/episode_000123_frame_000007_red_point_from_here.mp4,2026-06-22T02:22:56.083667+00:00
episode_000124,124,/home/yan/myProjects/GenMem/annotation/observation.images.top/episode_000124.mp4,/home/yan/myProjects/GenMem/annotation/observation.images.wrist/episode_000124.mp4,6,0.6,47,68,101,79,smaller square-like,"Observe the shapes shown, wait, then touch the object which is smaller square-like.",/home/yan/myProjects/GenMem/annotation/shape_prompt_annotations/raw_frames/top/episode_000124_frame_000006.png,/home/yan/myProjects/GenMem/annotation/shape_prompt_annotations/marked_frames/top/episode_000124_frame_000006_red_point.png,/home/yan/myProjects/GenMem/annotation/shape_prompt_annotations/marked_videos/top/episode_000124_frame_000006_red_point_from_here.mp4,/home/yan/myProjects/GenMem/annotation/shape_prompt_annotations/raw_frames/wrist/episode_000124_frame_000006.png,/home/yan/myProjects/GenMem/annotation/shape_prompt_annotations/marked_frames/wrist/episode_000124_frame_000006_red_point.png,/home/yan/myProjects/GenMem/annotation/shape_prompt_annotations/marked_videos/wrist/episode_000124_frame_000006_red_point_from_here.mp4,2026-06-22T02:23:09.302960+00:00
episode_000125,125,/home/yan/myProjects/GenMem/annotation/observation.images.top/episode_000125.mp4,/home/yan/myProjects/GenMem/annotation/observation.images.wrist/episode_000125.mp4,3,0.3,58,80,82,56,U-shaped,"Observe the shapes shown, wait, then touch the object which is U-shaped.",/home/yan/myProjects/GenMem/annotation/shape_prompt_annotations/raw_frames/top/episode_000125_frame_000003.png,/home/yan/myProjects/GenMem/annotation/shape_prompt_annotations/marked_frames/top/episode_000125_frame_000003_red_point.png,/home/yan/myProjects/GenMem/annotation/shape_prompt_annotations/marked_videos/top/episode_000125_frame_000003_red_point_from_here.mp4,/home/yan/myProjects/GenMem/annotation/shape_prompt_annotations/raw_frames/wrist/episode_000125_frame_000003.png,/home/yan/myProjects/GenMem/annotation/shape_prompt_annotations/marked_frames/wrist/episode_000125_frame_000003_red_point.png,/home/yan/myProjects/GenMem/annotation/shape_prompt_annotations/marked_videos/wrist/episode_000125_frame_000003_red_point_from_here.mp4,2026-06-22T02:23:20.383101+00:00
episode_000126,126,/home/yan/myProjects/GenMem/annotation/observation.images.top/episode_000126.mp4,/home/yan/myProjects/GenMem/annotation/observation.images.wrist/episode_000126.mp4,6,0.6,64,82,63,50,ball-shaped,"Observe the shapes shown, wait, then touch the object which is ball-shaped.",/home/yan/myProjects/GenMem/annotation/shape_prompt_annotations/raw_frames/top/episode_000126_frame_000006.png,/home/yan/myProjects/GenMem/annotation/shape_prompt_annotations/marked_frames/top/episode_000126_frame_000006_red_point.png,/home/yan/myProjects/GenMem/annotation/shape_prompt_annotations/marked_videos/top/episode_000126_frame_000006_red_point_from_here.mp4,/home/yan/myProjects/GenMem/annotation/shape_prompt_annotations/raw_frames/wrist/episode_000126_frame_000006.png,/home/yan/myProjects/GenMem/annotation/shape_prompt_annotations/marked_frames/wrist/episode_000126_frame_000006_red_point.png,/home/yan/myProjects/GenMem/annotation/shape_prompt_annotations/marked_videos/wrist/episode_000126_frame_000006_red_point_from_here.mp4,2026-06-22T02:23:35.701200+00:00
episode_000127,127,/home/yan/myProjects/GenMem/annotation/observation.images.top/episode_000127.mp4,/home/yan/myProjects/GenMem/annotation/observation.images.wrist/episode_000127.mp4,4,0.4,48,77,93,53,square,"Observe the shapes shown, wait, then touch the object which is square.",/home/yan/myProjects/GenMem/annotation/shape_prompt_annotations/raw_frames/top/episode_000127_frame_000004.png,/home/yan/myProjects/GenMem/annotation/shape_prompt_annotations/marked_frames/top/episode_000127_frame_000004_red_point.png,/home/yan/myProjects/GenMem/annotation/shape_prompt_annotations/marked_videos/top/episode_000127_frame_000004_red_point_from_here.mp4,/home/yan/myProjects/GenMem/annotation/shape_prompt_annotations/raw_frames/wrist/episode_000127_frame_000004.png,/home/yan/myProjects/GenMem/annotation/shape_prompt_annotations/marked_frames/wrist/episode_000127_frame_000004_red_point.png,/home/yan/myProjects/GenMem/annotation/shape_prompt_annotations/marked_videos/wrist/episode_000127_frame_000004_red_point_from_here.mp4,2026-06-22T02:23:51.949548+00:00
episode_000128,128,/home/yan/myProjects/GenMem/annotation/observation.images.top/episode_000128.mp4,/home/yan/myProjects/GenMem/annotation/observation.images.wrist/episode_000128.mp4,8,0.8,82,61,28,98,star-shaped,"Observe the shapes shown, wait, then touch the object which is star-shaped.",/home/yan/myProjects/GenMem/annotation/shape_prompt_annotations/raw_frames/top/episode_000128_frame_000008.png,/home/yan/myProjects/GenMem/annotation/shape_prompt_annotations/marked_frames/top/episode_000128_frame_000008_red_point.png,/home/yan/myProjects/GenMem/annotation/shape_prompt_annotations/marked_videos/top/episode_000128_frame_000008_red_point_from_here.mp4,/home/yan/myProjects/GenMem/annotation/shape_prompt_annotations/raw_frames/wrist/episode_000128_frame_000008.png,/home/yan/myProjects/GenMem/annotation/shape_prompt_annotations/marked_frames/wrist/episode_000128_frame_000008_red_point.png,/home/yan/myProjects/GenMem/annotation/shape_prompt_annotations/marked_videos/wrist/episode_000128_frame_000008_red_point_from_here.mp4,2026-06-22T02:24:03.802359+00:00
episode_000129,129,/home/yan/myProjects/GenMem/annotation/observation.images.top/episode_000129.mp4,/home/yan/myProjects/GenMem/annotation/observation.images.wrist/episode_000129.mp4,6,0.6,81,69,31,72,star-shaped,"Observe the shapes shown, wait, then touch the object which is star-shaped.",/home/yan/myProjects/GenMem/annotation/shape_prompt_annotations/raw_frames/top/episode_000129_frame_000006.png,/home/yan/myProjects/GenMem/annotation/shape_prompt_annotations/marked_frames/top/episode_000129_frame_000006_red_point.png,/home/yan/myProjects/GenMem/annotation/shape_prompt_annotations/marked_videos/top/episode_000129_frame_000006_red_point_from_here.mp4,/home/yan/myProjects/GenMem/annotation/shape_prompt_annotations/raw_frames/wrist/episode_000129_frame_000006.png,/home/yan/myProjects/GenMem/annotation/shape_prompt_annotations/marked_frames/wrist/episode_000129_frame_000006_red_point.png,/home/yan/myProjects/GenMem/annotation/shape_prompt_annotations/marked_videos/wrist/episode_000129_frame_000006_red_point_from_here.mp4,2026-06-22T02:24:17.611128+00:00
episode_000130,130,/home/yan/myProjects/GenMem/annotation/observation.images.top/episode_000130.mp4,/home/yan/myProjects/GenMem/annotation/observation.images.wrist/episode_000130.mp4,10,1.0,71,79,52,50,plus-shaped,"Observe the shapes shown, wait, then touch the object which is plus-shaped.",/home/yan/myProjects/GenMem/annotation/shape_prompt_annotations/raw_frames/top/episode_000130_frame_000010.png,/home/yan/myProjects/GenMem/annotation/shape_prompt_annotations/marked_frames/top/episode_000130_frame_000010_red_point.png,/home/yan/myProjects/GenMem/annotation/shape_prompt_annotations/marked_videos/top/episode_000130_frame_000010_red_point_from_here.mp4,/home/yan/myProjects/GenMem/annotation/shape_prompt_annotations/raw_frames/wrist/episode_000130_frame_000010.png,/home/yan/myProjects/GenMem/annotation/shape_prompt_annotations/marked_frames/wrist/episode_000130_frame_000010_red_point.png,/home/yan/myProjects/GenMem/annotation/shape_prompt_annotations/marked_videos/wrist/episode_000130_frame_000010_red_point_from_here.mp4,2026-06-22T02:24:51.616094+00:00
episode_000131,131,/home/yan/myProjects/GenMem/annotation/observation.images.top/episode_000131.mp4,/home/yan/myProjects/GenMem/annotation/observation.images.wrist/episode_000131.mp4,8,0.8,51,76,83,62,T-shaped,"Observe the shapes shown, wait, then touch the object which is T-shaped.",/home/yan/myProjects/GenMem/annotation/shape_prompt_annotations/raw_frames/top/episode_000131_frame_000008.png,/home/yan/myProjects/GenMem/annotation/shape_prompt_annotations/marked_frames/top/episode_000131_frame_000008_red_point.png,/home/yan/myProjects/GenMem/annotation/shape_prompt_annotations/marked_videos/top/episode_000131_frame_000008_red_point_from_here.mp4,/home/yan/myProjects/GenMem/annotation/shape_prompt_annotations/raw_frames/wrist/episode_000131_frame_000008.png,/home/yan/myProjects/GenMem/annotation/shape_prompt_annotations/marked_frames/wrist/episode_000131_frame_000008_red_point.png,/home/yan/myProjects/GenMem/annotation/shape_prompt_annotations/marked_videos/wrist/episode_000131_frame_000008_red_point_from_here.mp4,2026-06-22T02:25:57.129660+00:00
episode_000132,132,/home/yan/myProjects/GenMem/annotation/observation.images.top/episode_000132.mp4,/home/yan/myProjects/GenMem/annotation/observation.images.wrist/episode_000132.mp4,6,0.6,81,70,34,74,plus-shaped,"Observe the shapes shown, wait, then touch the object which is plus-shaped.",/home/yan/myProjects/GenMem/annotation/shape_prompt_annotations/raw_frames/top/episode_000132_frame_000006.png,/home/yan/myProjects/GenMem/annotation/shape_prompt_annotations/marked_frames/top/episode_000132_frame_000006_red_point.png,/home/yan/myProjects/GenMem/annotation/shape_prompt_annotations/marked_videos/top/episode_000132_frame_000006_red_point_from_here.mp4,/home/yan/myProjects/GenMem/annotation/shape_prompt_annotations/raw_frames/wrist/episode_000132_frame_000006.png,/home/yan/myProjects/GenMem/annotation/shape_prompt_annotations/marked_frames/wrist/episode_000132_frame_000006_red_point.png,/home/yan/myProjects/GenMem/annotation/shape_prompt_annotations/marked_videos/wrist/episode_000132_frame_000006_red_point_from_here.mp4,2026-06-22T02:26:06.847674+00:00
episode_000133,133,/home/yan/myProjects/GenMem/annotation/observation.images.top/episode_000133.mp4,/home/yan/myProjects/GenMem/annotation/observation.images.wrist/episode_000133.mp4,10,1.0,46,60,97,95,cylinder,"Observe the shapes shown, wait, then touch the object which is cylinder.",/home/yan/myProjects/GenMem/annotation/shape_prompt_annotations/raw_frames/top/episode_000133_frame_000010.png,/home/yan/myProjects/GenMem/annotation/shape_prompt_annotations/marked_frames/top/episode_000133_frame_000010_red_point.png,/home/yan/myProjects/GenMem/annotation/shape_prompt_annotations/marked_videos/top/episode_000133_frame_000010_red_point_from_here.mp4,/home/yan/myProjects/GenMem/annotation/shape_prompt_annotations/raw_frames/wrist/episode_000133_frame_000010.png,/home/yan/myProjects/GenMem/annotation/shape_prompt_annotations/marked_frames/wrist/episode_000133_frame_000010_red_point.png,/home/yan/myProjects/GenMem/annotation/shape_prompt_annotations/marked_videos/wrist/episode_000133_frame_000010_red_point_from_here.mp4,2026-06-22T02:26:15.196462+00:00
episode_000134,134,/home/yan/myProjects/GenMem/annotation/observation.images.top/episode_000134.mp4,/home/yan/myProjects/GenMem/annotation/observation.images.wrist/episode_000134.mp4,6,0.6,48,62,99,95,U-shaped,"Observe the shapes shown, wait, then touch the object which is U-shaped.",/home/yan/myProjects/GenMem/annotation/shape_prompt_annotations/raw_frames/top/episode_000134_frame_000006.png,/home/yan/myProjects/GenMem/annotation/shape_prompt_annotations/marked_frames/top/episode_000134_frame_000006_red_point.png,/home/yan/myProjects/GenMem/annotation/shape_prompt_annotations/marked_videos/top/episode_000134_frame_000006_red_point_from_here.mp4,/home/yan/myProjects/GenMem/annotation/shape_prompt_annotations/raw_frames/wrist/episode_000134_frame_000006.png,/home/yan/myProjects/GenMem/annotation/shape_prompt_annotations/marked_frames/wrist/episode_000134_frame_000006_red_point.png,/home/yan/myProjects/GenMem/annotation/shape_prompt_annotations/marked_videos/wrist/episode_000134_frame_000006_red_point_from_here.mp4,2026-06-22T02:26:25.051884+00:00
episode_000135,135,/home/yan/myProjects/GenMem/annotation/observation.images.top/episode_000135.mp4,/home/yan/myProjects/GenMem/annotation/observation.images.wrist/episode_000135.mp4,6,0.6,64,80,63,56,cylinder,"Observe the shapes shown, wait, then touch the object which is cylinder.",/home/yan/myProjects/GenMem/annotation/shape_prompt_annotations/raw_frames/top/episode_000135_frame_000006.png,/home/yan/myProjects/GenMem/annotation/shape_prompt_annotations/marked_frames/top/episode_000135_frame_000006_red_point.png,/home/yan/myProjects/GenMem/annotation/shape_prompt_annotations/marked_videos/top/episode_000135_frame_000006_red_point_from_here.mp4,/home/yan/myProjects/GenMem/annotation/shape_prompt_annotations/raw_frames/wrist/episode_000135_frame_000006.png,/home/yan/myProjects/GenMem/annotation/shape_prompt_annotations/marked_frames/wrist/episode_000135_frame_000006_red_point.png,/home/yan/myProjects/GenMem/annotation/shape_prompt_annotations/marked_videos/wrist/episode_000135_frame_000006_red_point_from_here.mp4,2026-06-22T02:26:42.660292+00:00
episode_000136,136,/home/yan/myProjects/GenMem/annotation/observation.images.top/episode_000136.mp4,/home/yan/myProjects/GenMem/annotation/observation.images.wrist/episode_000136.mp4,6,0.6,58,79,74,62,T-shaped,"Observe the shapes shown, wait, then touch the object which is T-shaped.",/home/yan/myProjects/GenMem/annotation/shape_prompt_annotations/raw_frames/top/episode_000136_frame_000006.png,/home/yan/myProjects/GenMem/annotation/shape_prompt_annotations/marked_frames/top/episode_000136_frame_000006_red_point.png,/home/yan/myProjects/GenMem/annotation/shape_prompt_annotations/marked_videos/top/episode_000136_frame_000006_red_point_from_here.mp4,/home/yan/myProjects/GenMem/annotation/shape_prompt_annotations/raw_frames/wrist/episode_000136_frame_000006.png,/home/yan/myProjects/GenMem/annotation/shape_prompt_annotations/marked_frames/wrist/episode_000136_frame_000006_red_point.png,/home/yan/myProjects/GenMem/annotation/shape_prompt_annotations/marked_videos/wrist/episode_000136_frame_000006_red_point_from_here.mp4,2026-06-22T02:26:57.769997+00:00
episode_000137,137,/home/yan/myProjects/GenMem/annotation/observation.images.top/episode_000137.mp4,/home/yan/myProjects/GenMem/annotation/observation.images.wrist/episode_000137.mp4,7,0.7,78,75,46,71,ring-shaped,"Observe the shapes shown, wait, then touch the object which is ring-shaped.",/home/yan/myProjects/GenMem/annotation/shape_prompt_annotations/raw_frames/top/episode_000137_frame_000007.png,/home/yan/myProjects/GenMem/annotation/shape_prompt_annotations/marked_frames/top/episode_000137_frame_000007_red_point.png,/home/yan/myProjects/GenMem/annotation/shape_prompt_annotations/marked_videos/top/episode_000137_frame_000007_red_point_from_here.mp4,/home/yan/myProjects/GenMem/annotation/shape_prompt_annotations/raw_frames/wrist/episode_000137_frame_000007.png,/home/yan/myProjects/GenMem/annotation/shape_prompt_annotations/marked_frames/wrist/episode_000137_frame_000007_red_point.png,/home/yan/myProjects/GenMem/annotation/shape_prompt_annotations/marked_videos/wrist/episode_000137_frame_000007_red_point_from_here.mp4,2026-06-22T02:27:04.570329+00:00
episode_000138,138,/home/yan/myProjects/GenMem/annotation/observation.images.top/episode_000138.mp4,/home/yan/myProjects/GenMem/annotation/observation.images.wrist/episode_000138.mp4,10,1.0,74,78,48,58,smaller square-like,"Observe the shapes shown, wait, then touch the object which is smaller square-like.",/home/yan/myProjects/GenMem/annotation/shape_prompt_annotations/raw_frames/top/episode_000138_frame_000010.png,/home/yan/myProjects/GenMem/annotation/shape_prompt_annotations/marked_frames/top/episode_000138_frame_000010_red_point.png,/home/yan/myProjects/GenMem/annotation/shape_prompt_annotations/marked_videos/top/episode_000138_frame_000010_red_point_from_here.mp4,/home/yan/myProjects/GenMem/annotation/shape_prompt_annotations/raw_frames/wrist/episode_000138_frame_000010.png,/home/yan/myProjects/GenMem/annotation/shape_prompt_annotations/marked_frames/wrist/episode_000138_frame_000010_red_point.png,/home/yan/myProjects/GenMem/annotation/shape_prompt_annotations/marked_videos/wrist/episode_000138_frame_000010_red_point_from_here.mp4,2026-06-22T02:29:00.377988+00:00
episode_000139,139,/home/yan/myProjects/GenMem/annotation/observation.images.top/episode_000139.mp4,/home/yan/myProjects/GenMem/annotation/observation.images.wrist/episode_000139.mp4,6,0.6,82,70,28,75,ring-shaped,"Observe the shapes shown, wait, then touch the object which is ring-shaped.",/home/yan/myProjects/GenMem/annotation/shape_prompt_annotations/raw_frames/top/episode_000139_frame_000006.png,/home/yan/myProjects/GenMem/annotation/shape_prompt_annotations/marked_frames/top/episode_000139_frame_000006_red_point.png,/home/yan/myProjects/GenMem/annotation/shape_prompt_annotations/marked_videos/top/episode_000139_frame_000006_red_point_from_here.mp4,/home/yan/myProjects/GenMem/annotation/shape_prompt_annotations/raw_frames/wrist/episode_000139_frame_000006.png,/home/yan/myProjects/GenMem/annotation/shape_prompt_annotations/marked_frames/wrist/episode_000139_frame_000006_red_point.png,/home/yan/myProjects/GenMem/annotation/shape_prompt_annotations/marked_videos/wrist/episode_000139_frame_000006_red_point_from_here.mp4,2026-06-22T02:29:08.116579+00:00
episode_000140,140,/home/yan/myProjects/GenMem/annotation/observation.images.top/episode_000140.mp4,/home/yan/myProjects/GenMem/annotation/observation.images.wrist/episode_000140.mp4,10,1.0,74,80,48,51,plus-shaped,"Observe the shapes shown, wait, then touch the object which is plus-shaped.",/home/yan/myProjects/GenMem/annotation/shape_prompt_annotations/raw_frames/top/episode_000140_frame_000010.png,/home/yan/myProjects/GenMem/annotation/shape_prompt_annotations/marked_frames/top/episode_000140_frame_000010_red_point.png,/home/yan/myProjects/GenMem/annotation/shape_prompt_annotations/marked_videos/top/episode_000140_frame_000010_red_point_from_here.mp4,/home/yan/myProjects/GenMem/annotation/shape_prompt_annotations/raw_frames/wrist/episode_000140_frame_000010.png,/home/yan/myProjects/GenMem/annotation/shape_prompt_annotations/marked_frames/wrist/episode_000140_frame_000010_red_point.png,/home/yan/myProjects/GenMem/annotation/shape_prompt_annotations/marked_videos/wrist/episode_000140_frame_000010_red_point_from_here.mp4,2026-06-22T02:29:17.461828+00:00
episode_000141,141,/home/yan/myProjects/GenMem/annotation/observation.images.top/episode_000141.mp4,/home/yan/myProjects/GenMem/annotation/observation.images.wrist/episode_000141.mp4,10,1.0,72,80,60,58,star-shaped,"Observe the shapes shown, wait, then touch the object which is star-shaped.",/home/yan/myProjects/GenMem/annotation/shape_prompt_annotations/raw_frames/top/episode_000141_frame_000010.png,/home/yan/myProjects/GenMem/annotation/shape_prompt_annotations/marked_frames/top/episode_000141_frame_000010_red_point.png,/home/yan/myProjects/GenMem/annotation/shape_prompt_annotations/marked_videos/top/episode_000141_frame_000010_red_point_from_here.mp4,/home/yan/myProjects/GenMem/annotation/shape_prompt_annotations/raw_frames/wrist/episode_000141_frame_000010.png,/home/yan/myProjects/GenMem/annotation/shape_prompt_annotations/marked_frames/wrist/episode_000141_frame_000010_red_point.png,/home/yan/myProjects/GenMem/annotation/shape_prompt_annotations/marked_videos/wrist/episode_000141_frame_000010_red_point_from_here.mp4,2026-06-22T02:29:25.118010+00:00
episode_000142,142,/home/yan/myProjects/GenMem/annotation/observation.images.top/episode_000142.mp4,/home/yan/myProjects/GenMem/annotation/observation.images.wrist/episode_000142.mp4,9,0.9,70,78,52,54,plus-shaped,"Observe the shapes shown, wait, then touch the object which is plus-shaped.",/home/yan/myProjects/GenMem/annotation/shape_prompt_annotations/raw_frames/top/episode_000142_frame_000009.png,/home/yan/myProjects/GenMem/annotation/shape_prompt_annotations/marked_frames/top/episode_000142_frame_000009_red_point.png,/home/yan/myProjects/GenMem/annotation/shape_prompt_annotations/marked_videos/top/episode_000142_frame_000009_red_point_from_here.mp4,/home/yan/myProjects/GenMem/annotation/shape_prompt_annotations/raw_frames/wrist/episode_000142_frame_000009.png,/home/yan/myProjects/GenMem/annotation/shape_prompt_annotations/marked_frames/wrist/episode_000142_frame_000009_red_point.png,/home/yan/myProjects/GenMem/annotation/shape_prompt_annotations/marked_videos/wrist/episode_000142_frame_000009_red_point_from_here.mp4,2026-06-22T02:29:32.228025+00:00
episode_000143,143,/home/yan/myProjects/GenMem/annotation/observation.images.top/episode_000143.mp4,/home/yan/myProjects/GenMem/annotation/observation.images.wrist/episode_000143.mp4,6,0.6,47,62,94,94,smaller square-like,"Observe the shapes shown, wait, then touch the object which is smaller square-like.",/home/yan/myProjects/GenMem/annotation/shape_prompt_annotations/raw_frames/top/episode_000143_frame_000006.png,/home/yan/myProjects/GenMem/annotation/shape_prompt_annotations/marked_frames/top/episode_000143_frame_000006_red_point.png,/home/yan/myProjects/GenMem/annotation/shape_prompt_annotations/marked_videos/top/episode_000143_frame_000006_red_point_from_here.mp4,/home/yan/myProjects/GenMem/annotation/shape_prompt_annotations/raw_frames/wrist/episode_000143_frame_000006.png,/home/yan/myProjects/GenMem/annotation/shape_prompt_annotations/marked_frames/wrist/episode_000143_frame_000006_red_point.png,/home/yan/myProjects/GenMem/annotation/shape_prompt_annotations/marked_videos/wrist/episode_000143_frame_000006_red_point_from_here.mp4,2026-06-22T02:29:39.901417+00:00
episode_000144,144,/home/yan/myProjects/GenMem/annotation/observation.images.top/episode_000144.mp4,/home/yan/myProjects/GenMem/annotation/observation.images.wrist/episode_000144.mp4,6,0.6,64,80,64,53,ring-shaped,"Observe the shapes shown, wait, then touch the object which is ring-shaped.",/home/yan/myProjects/GenMem/annotation/shape_prompt_annotations/raw_frames/top/episode_000144_frame_000006.png,/home/yan/myProjects/GenMem/annotation/shape_prompt_annotations/marked_frames/top/episode_000144_frame_000006_red_point.png,/home/yan/myProjects/GenMem/annotation/shape_prompt_annotations/marked_videos/top/episode_000144_frame_000006_red_point_from_here.mp4,/home/yan/myProjects/GenMem/annotation/shape_prompt_annotations/raw_frames/wrist/episode_000144_frame_000006.png,/home/yan/myProjects/GenMem/annotation/shape_prompt_annotations/marked_frames/wrist/episode_000144_frame_000006_red_point.png,/home/yan/myProjects/GenMem/annotation/shape_prompt_annotations/marked_videos/wrist/episode_000144_frame_000006_red_point_from_here.mp4,2026-06-22T02:29:53.068364+00:00
episode_000145,145,/home/yan/myProjects/GenMem/annotation/observation.images.top/episode_000145.mp4,/home/yan/myProjects/GenMem/annotation/observation.images.wrist/episode_000145.mp4,6,0.6,65,82,72,50,cylinder,"Observe the shapes shown, wait, then touch the object which is cylinder.",/home/yan/myProjects/GenMem/annotation/shape_prompt_annotations/raw_frames/top/episode_000145_frame_000006.png,/home/yan/myProjects/GenMem/annotation/shape_prompt_annotations/marked_frames/top/episode_000145_frame_000006_red_point.png,/home/yan/myProjects/GenMem/annotation/shape_prompt_annotations/marked_videos/top/episode_000145_frame_000006_red_point_from_here.mp4,/home/yan/myProjects/GenMem/annotation/shape_prompt_annotations/raw_frames/wrist/episode_000145_frame_000006.png,/home/yan/myProjects/GenMem/annotation/shape_prompt_annotations/marked_frames/wrist/episode_000145_frame_000006_red_point.png,/home/yan/myProjects/GenMem/annotation/shape_prompt_annotations/marked_videos/wrist/episode_000145_frame_000006_red_point_from_here.mp4,2026-06-22T02:30:01.260271+00:00
episode_000146,146,/home/yan/myProjects/GenMem/annotation/observation.images.top/episode_000146.mp4,/home/yan/myProjects/GenMem/annotation/observation.images.wrist/episode_000146.mp4,7,0.7,52,74,86,60,cylinder,"Observe the shapes shown, wait, then touch the object which is cylinder.",/home/yan/myProjects/GenMem/annotation/shape_prompt_annotations/raw_frames/top/episode_000146_frame_000007.png,/home/yan/myProjects/GenMem/annotation/shape_prompt_annotations/marked_frames/top/episode_000146_frame_000007_red_point.png,/home/yan/myProjects/GenMem/annotation/shape_prompt_annotations/marked_videos/top/episode_000146_frame_000007_red_point_from_here.mp4,/home/yan/myProjects/GenMem/annotation/shape_prompt_annotations/raw_frames/wrist/episode_000146_frame_000007.png,/home/yan/myProjects/GenMem/annotation/shape_prompt_annotations/marked_frames/wrist/episode_000146_frame_000007_red_point.png,/home/yan/myProjects/GenMem/annotation/shape_prompt_annotations/marked_videos/wrist/episode_000146_frame_000007_red_point_from_here.mp4,2026-06-22T02:30:15.053134+00:00
episode_000147,147,/home/yan/myProjects/GenMem/annotation/observation.images.top/episode_000147.mp4,/home/yan/myProjects/GenMem/annotation/observation.images.wrist/episode_000147.mp4,7,0.7,79,62,34,87,ring-shaped,"Observe the shapes shown, wait, then touch the object which is ring-shaped.",/home/yan/myProjects/GenMem/annotation/shape_prompt_annotations/raw_frames/top/episode_000147_frame_000007.png,/home/yan/myProjects/GenMem/annotation/shape_prompt_annotations/marked_frames/top/episode_000147_frame_000007_red_point.png,/home/yan/myProjects/GenMem/annotation/shape_prompt_annotations/marked_videos/top/episode_000147_frame_000007_red_point_from_here.mp4,/home/yan/myProjects/GenMem/annotation/shape_prompt_annotations/raw_frames/wrist/episode_000147_frame_000007.png,/home/yan/myProjects/GenMem/annotation/shape_prompt_annotations/marked_frames/wrist/episode_000147_frame_000007_red_point.png,/home/yan/myProjects/GenMem/annotation/shape_prompt_annotations/marked_videos/wrist/episode_000147_frame_000007_red_point_from_here.mp4,2026-06-22T02:30:31.913253+00:00
episode_000148,148,/home/yan/myProjects/GenMem/annotation/observation.images.top/episode_000148.mp4,/home/yan/myProjects/GenMem/annotation/observation.images.wrist/episode_000148.mp4,6,0.6,49,67,103,79,smaller square-like,"Observe the shapes shown, wait, then touch the object which is smaller square-like.",/home/yan/myProjects/GenMem/annotation/shape_prompt_annotations/raw_frames/top/episode_000148_frame_000006.png,/home/yan/myProjects/GenMem/annotation/shape_prompt_annotations/marked_frames/top/episode_000148_frame_000006_red_point.png,/home/yan/myProjects/GenMem/annotation/shape_prompt_annotations/marked_videos/top/episode_000148_frame_000006_red_point_from_here.mp4,/home/yan/myProjects/GenMem/annotation/shape_prompt_annotations/raw_frames/wrist/episode_000148_frame_000006.png,/home/yan/myProjects/GenMem/annotation/shape_prompt_annotations/marked_frames/wrist/episode_000148_frame_000006_red_point.png,/home/yan/myProjects/GenMem/annotation/shape_prompt_annotations/marked_videos/wrist/episode_000148_frame_000006_red_point_from_here.mp4,2026-06-22T02:30:53.482593+00:00
episode_000149,149,/home/yan/myProjects/GenMem/annotation/observation.images.top/episode_000149.mp4,/home/yan/myProjects/GenMem/annotation/observation.images.wrist/episode_000149.mp4,4,0.4,78,75,44,60,smaller square-like,"Observe the shapes shown, wait, then touch the object which is smaller square-like.",/home/yan/myProjects/GenMem/annotation/shape_prompt_annotations/raw_frames/top/episode_000149_frame_000004.png,/home/yan/myProjects/GenMem/annotation/shape_prompt_annotations/marked_frames/top/episode_000149_frame_000004_red_point.png,/home/yan/myProjects/GenMem/annotation/shape_prompt_annotations/marked_videos/top/episode_000149_frame_000004_red_point_from_here.mp4,/home/yan/myProjects/GenMem/annotation/shape_prompt_annotations/raw_frames/wrist/episode_000149_frame_000004.png,/home/yan/myProjects/GenMem/annotation/shape_prompt_annotations/marked_frames/wrist/episode_000149_frame_000004_red_point.png,/home/yan/myProjects/GenMem/annotation/shape_prompt_annotations/marked_videos/wrist/episode_000149_frame_000004_red_point_from_here.mp4,2026-06-22T02:31:10.161737+00:00
episode_000150,150,/home/yan/myProjects/GenMem/annotation/observation.images.top/episode_000150.mp4,/home/yan/myProjects/GenMem/annotation/observation.images.wrist/episode_000150.mp4,7,0.7,50,63,98,88,T-shaped,"Observe the shapes shown, wait, then touch the object which is T-shaped.",/home/yan/myProjects/GenMem/annotation/shape_prompt_annotations/raw_frames/top/episode_000150_frame_000007.png,/home/yan/myProjects/GenMem/annotation/shape_prompt_annotations/marked_frames/top/episode_000150_frame_000007_red_point.png,/home/yan/myProjects/GenMem/annotation/shape_prompt_annotations/marked_videos/top/episode_000150_frame_000007_red_point_from_here.mp4,/home/yan/myProjects/GenMem/annotation/shape_prompt_annotations/raw_frames/wrist/episode_000150_frame_000007.png,/home/yan/myProjects/GenMem/annotation/shape_prompt_annotations/marked_frames/wrist/episode_000150_frame_000007_red_point.png,/home/yan/myProjects/GenMem/annotation/shape_prompt_annotations/marked_videos/wrist/episode_000150_frame_000007_red_point_from_here.mp4,2026-06-22T02:31:20.379042+00:00
episode_000151,151,/home/yan/myProjects/GenMem/annotation/observation.images.top/episode_000151.mp4,/home/yan/myProjects/GenMem/annotation/observation.images.wrist/episode_000151.mp4,8,0.8,58,80,76,58,square,"Observe the shapes shown, wait, then touch the object which is square.",/home/yan/myProjects/GenMem/annotation/shape_prompt_annotations/raw_frames/top/episode_000151_frame_000008.png,/home/yan/myProjects/GenMem/annotation/shape_prompt_annotations/marked_frames/top/episode_000151_frame_000008_red_point.png,/home/yan/myProjects/GenMem/annotation/shape_prompt_annotations/marked_videos/top/episode_000151_frame_000008_red_point_from_here.mp4,/home/yan/myProjects/GenMem/annotation/shape_prompt_annotations/raw_frames/wrist/episode_000151_frame_000008.png,/home/yan/myProjects/GenMem/annotation/shape_prompt_annotations/marked_frames/wrist/episode_000151_frame_000008_red_point.png,/home/yan/myProjects/GenMem/annotation/shape_prompt_annotations/marked_videos/wrist/episode_000151_frame_000008_red_point_from_here.mp4,2026-06-22T02:31:31.223979+00:00
episode_000152,152,/home/yan/myProjects/GenMem/annotation/observation.images.top/episode_000152.mp4,/home/yan/myProjects/GenMem/annotation/observation.images.wrist/episode_000152.mp4,6,0.6,66,82,69,51,U-shaped,"Observe the shapes shown, wait, then touch the object which is U-shaped.",/home/yan/myProjects/GenMem/annotation/shape_prompt_annotations/raw_frames/top/episode_000152_frame_000006.png,/home/yan/myProjects/GenMem/annotation/shape_prompt_annotations/marked_frames/top/episode_000152_frame_000006_red_point.png,/home/yan/myProjects/GenMem/annotation/shape_prompt_annotations/marked_videos/top/episode_000152_frame_000006_red_point_from_here.mp4,/home/yan/myProjects/GenMem/annotation/shape_prompt_annotations/raw_frames/wrist/episode_000152_frame_000006.png,/home/yan/myProjects/GenMem/annotation/shape_prompt_annotations/marked_frames/wrist/episode_000152_frame_000006_red_point.png,/home/yan/myProjects/GenMem/annotation/shape_prompt_annotations/marked_videos/wrist/episode_000152_frame_000006_red_point_from_here.mp4,2026-06-22T02:31:41.130886+00:00
episode_000153,153,/home/yan/myProjects/GenMem/annotation/observation.images.top/episode_000153.mp4,/home/yan/myProjects/GenMem/annotation/observation.images.wrist/episode_000153.mp4,8,0.8,50,76,90,57,plus-shaped,"Observe the shapes shown, wait, then touch the object which is plus-shaped.",/home/yan/myProjects/GenMem/annotation/shape_prompt_annotations/raw_frames/top/episode_000153_frame_000008.png,/home/yan/myProjects/GenMem/annotation/shape_prompt_annotations/marked_frames/top/episode_000153_frame_000008_red_point.png,/home/yan/myProjects/GenMem/annotation/shape_prompt_annotations/marked_videos/top/episode_000153_frame_000008_red_point_from_here.mp4,/home/yan/myProjects/GenMem/annotation/shape_prompt_annotations/raw_frames/wrist/episode_000153_frame_000008.png,/home/yan/myProjects/GenMem/annotation/shape_prompt_annotations/marked_frames/wrist/episode_000153_frame_000008_red_point.png,/home/yan/myProjects/GenMem/annotation/shape_prompt_annotations/marked_videos/wrist/episode_000153_frame_000008_red_point_from_here.mp4,2026-06-22T02:31:49.260572+00:00
episode_000154,154,/home/yan/myProjects/GenMem/annotation/observation.images.top/episode_000154.mp4,/home/yan/myProjects/GenMem/annotation/observation.images.wrist/episode_000154.mp4,3,0.3,79,75,47,66,cylinder,"Observe the shapes shown, wait, then touch the object which is cylinder.",/home/yan/myProjects/GenMem/annotation/shape_prompt_annotations/raw_frames/top/episode_000154_frame_000003.png,/home/yan/myProjects/GenMem/annotation/shape_prompt_annotations/marked_frames/top/episode_000154_frame_000003_red_point.png,/home/yan/myProjects/GenMem/annotation/shape_prompt_annotations/marked_videos/top/episode_000154_frame_000003_red_point_from_here.mp4,/home/yan/myProjects/GenMem/annotation/shape_prompt_annotations/raw_frames/wrist/episode_000154_frame_000003.png,/home/yan/myProjects/GenMem/annotation/shape_prompt_annotations/marked_frames/wrist/episode_000154_frame_000003_red_point.png,/home/yan/myProjects/GenMem/annotation/shape_prompt_annotations/marked_videos/wrist/episode_000154_frame_000003_red_point_from_here.mp4,2026-06-22T02:31:57.352578+00:00
episode_000155,155,/home/yan/myProjects/GenMem/annotation/observation.images.top/episode_000155.mp4,/home/yan/myProjects/GenMem/annotation/observation.images.wrist/episode_000155.mp4,8,0.8,64,82,62,49,ball-shaped,"Observe the shapes shown, wait, then touch the object which is ball-shaped.",/home/yan/myProjects/GenMem/annotation/shape_prompt_annotations/raw_frames/top/episode_000155_frame_000008.png,/home/yan/myProjects/GenMem/annotation/shape_prompt_annotations/marked_frames/top/episode_000155_frame_000008_red_point.png,/home/yan/myProjects/GenMem/annotation/shape_prompt_annotations/marked_videos/top/episode_000155_frame_000008_red_point_from_here.mp4,/home/yan/myProjects/GenMem/annotation/shape_prompt_annotations/raw_frames/wrist/episode_000155_frame_000008.png,/home/yan/myProjects/GenMem/annotation/shape_prompt_annotations/marked_frames/wrist/episode_000155_frame_000008_red_point.png,/home/yan/myProjects/GenMem/annotation/shape_prompt_annotations/marked_videos/wrist/episode_000155_frame_000008_red_point_from_here.mp4,2026-06-22T02:32:13.939126+00:00
episode_000156,156,/home/yan/myProjects/GenMem/annotation/observation.images.top/episode_000156.mp4,/home/yan/myProjects/GenMem/annotation/observation.images.wrist/episode_000156.mp4,8,0.8,81,69,29,76,smaller square-like,"Observe the shapes shown, wait, then touch the object which is smaller square-like.",/home/yan/myProjects/GenMem/annotation/shape_prompt_annotations/raw_frames/top/episode_000156_frame_000008.png,/home/yan/myProjects/GenMem/annotation/shape_prompt_annotations/marked_frames/top/episode_000156_frame_000008_red_point.png,/home/yan/myProjects/GenMem/annotation/shape_prompt_annotations/marked_videos/top/episode_000156_frame_000008_red_point_from_here.mp4,/home/yan/myProjects/GenMem/annotation/shape_prompt_annotations/raw_frames/wrist/episode_000156_frame_000008.png,/home/yan/myProjects/GenMem/annotation/shape_prompt_annotations/marked_frames/wrist/episode_000156_frame_000008_red_point.png,/home/yan/myProjects/GenMem/annotation/shape_prompt_annotations/marked_videos/wrist/episode_000156_frame_000008_red_point_from_here.mp4,2026-06-22T02:32:22.461873+00:00
episode_000157,157,/home/yan/myProjects/GenMem/annotation/observation.images.top/episode_000157.mp4,/home/yan/myProjects/GenMem/annotation/observation.images.wrist/episode_000157.mp4,6,0.6,85,62,30,88,T-shaped,"Observe the shapes shown, wait, then touch the object which is T-shaped.",/home/yan/myProjects/GenMem/annotation/shape_prompt_annotations/raw_frames/top/episode_000157_frame_000006.png,/home/yan/myProjects/GenMem/annotation/shape_prompt_annotations/marked_frames/top/episode_000157_frame_000006_red_point.png,/home/yan/myProjects/GenMem/annotation/shape_prompt_annotations/marked_videos/top/episode_000157_frame_000006_red_point_from_here.mp4,/home/yan/myProjects/GenMem/annotation/shape_prompt_annotations/raw_frames/wrist/episode_000157_frame_000006.png,/home/yan/myProjects/GenMem/annotation/shape_prompt_annotations/marked_frames/wrist/episode_000157_frame_000006_red_point.png,/home/yan/myProjects/GenMem/annotation/shape_prompt_annotations/marked_videos/wrist/episode_000157_frame_000006_red_point_from_here.mp4,2026-06-22T02:34:39.805292+00:00
episode_000158,158,/home/yan/myProjects/GenMem/annotation/observation.images.top/episode_000158.mp4,/home/yan/myProjects/GenMem/annotation/observation.images.wrist/episode_000158.mp4,9,0.9,48,69,101,70,U-shaped,"Observe the shapes shown, wait, then touch the object which is U-shaped.",/home/yan/myProjects/GenMem/annotation/shape_prompt_annotations/raw_frames/top/episode_000158_frame_000009.png,/home/yan/myProjects/GenMem/annotation/shape_prompt_annotations/marked_frames/top/episode_000158_frame_000009_red_point.png,/home/yan/myProjects/GenMem/annotation/shape_prompt_annotations/marked_videos/top/episode_000158_frame_000009_red_point_from_here.mp4,/home/yan/myProjects/GenMem/annotation/shape_prompt_annotations/raw_frames/wrist/episode_000158_frame_000009.png,/home/yan/myProjects/GenMem/annotation/shape_prompt_annotations/marked_frames/wrist/episode_000158_frame_000009_red_point.png,/home/yan/myProjects/GenMem/annotation/shape_prompt_annotations/marked_videos/wrist/episode_000158_frame_000009_red_point_from_here.mp4,2026-06-22T02:34:47.595662+00:00
episode_000159,159,/home/yan/myProjects/GenMem/annotation/observation.images.top/episode_000159.mp4,/home/yan/myProjects/GenMem/annotation/observation.images.wrist/episode_000159.mp4,4,0.4,65,83,62,46,star-shaped,"Observe the shapes shown, wait, then touch the object which is star-shaped.",/home/yan/myProjects/GenMem/annotation/shape_prompt_annotations/raw_frames/top/episode_000159_frame_000004.png,/home/yan/myProjects/GenMem/annotation/shape_prompt_annotations/marked_frames/top/episode_000159_frame_000004_red_point.png,/home/yan/myProjects/GenMem/annotation/shape_prompt_annotations/marked_videos/top/episode_000159_frame_000004_red_point_from_here.mp4,/home/yan/myProjects/GenMem/annotation/shape_prompt_annotations/raw_frames/wrist/episode_000159_frame_000004.png,/home/yan/myProjects/GenMem/annotation/shape_prompt_annotations/marked_frames/wrist/episode_000159_frame_000004_red_point.png,/home/yan/myProjects/GenMem/annotation/shape_prompt_annotations/marked_videos/wrist/episode_000159_frame_000004_red_point_from_here.mp4,2026-06-22T02:34:55.393060+00:00
episode_000160,160,/home/yan/myProjects/GenMem/annotation/observation.images.top/episode_000160.mp4,/home/yan/myProjects/GenMem/annotation/observation.images.wrist/episode_000160.mp4,7,0.7,48,76,94,68,cylinder,"Observe the shapes shown, wait, then touch the object which is cylinder.",/home/yan/myProjects/GenMem/annotation/shape_prompt_annotations/raw_frames/top/episode_000160_frame_000007.png,/home/yan/myProjects/GenMem/annotation/shape_prompt_annotations/marked_frames/top/episode_000160_frame_000007_red_point.png,/home/yan/myProjects/GenMem/annotation/shape_prompt_annotations/marked_videos/top/episode_000160_frame_000007_red_point_from_here.mp4,/home/yan/myProjects/GenMem/annotation/shape_prompt_annotations/raw_frames/wrist/episode_000160_frame_000007.png,/home/yan/myProjects/GenMem/annotation/shape_prompt_annotations/marked_frames/wrist/episode_000160_frame_000007_red_point.png,/home/yan/myProjects/GenMem/annotation/shape_prompt_annotations/marked_videos/wrist/episode_000160_frame_000007_red_point_from_here.mp4,2026-06-22T02:35:03.279822+00:00
episode_000161,161,/home/yan/myProjects/GenMem/annotation/observation.images.top/episode_000161.mp4,/home/yan/myProjects/GenMem/annotation/observation.images.wrist/episode_000161.mp4,6,0.6,58,81,78,46,T-shaped,"Observe the shapes shown, wait, then touch the object which is T-shaped.",/home/yan/myProjects/GenMem/annotation/shape_prompt_annotations/raw_frames/top/episode_000161_frame_000006.png,/home/yan/myProjects/GenMem/annotation/shape_prompt_annotations/marked_frames/top/episode_000161_frame_000006_red_point.png,/home/yan/myProjects/GenMem/annotation/shape_prompt_annotations/marked_videos/top/episode_000161_frame_000006_red_point_from_here.mp4,/home/yan/myProjects/GenMem/annotation/shape_prompt_annotations/raw_frames/wrist/episode_000161_frame_000006.png,/home/yan/myProjects/GenMem/annotation/shape_prompt_annotations/marked_frames/wrist/episode_000161_frame_000006_red_point.png,/home/yan/myProjects/GenMem/annotation/shape_prompt_annotations/marked_videos/wrist/episode_000161_frame_000006_red_point_from_here.mp4,2026-06-22T02:35:11.521493+00:00
episode_000162,162,/home/yan/myProjects/GenMem/annotation/observation.images.top/episode_000162.mp4,/home/yan/myProjects/GenMem/annotation/observation.images.wrist/episode_000162.mp4,8,0.8,72,78,52,48,ring-shaped,"Observe the shapes shown, wait, then touch the object which is ring-shaped.",/home/yan/myProjects/GenMem/annotation/shape_prompt_annotations/raw_frames/top/episode_000162_frame_000008.png,/home/yan/myProjects/GenMem/annotation/shape_prompt_annotations/marked_frames/top/episode_000162_frame_000008_red_point.png,/home/yan/myProjects/GenMem/annotation/shape_prompt_annotations/marked_videos/top/episode_000162_frame_000008_red_point_from_here.mp4,/home/yan/myProjects/GenMem/annotation/shape_prompt_annotations/raw_frames/wrist/episode_000162_frame_000008.png,/home/yan/myProjects/GenMem/annotation/shape_prompt_annotations/marked_frames/wrist/episode_000162_frame_000008_red_point.png,/home/yan/myProjects/GenMem/annotation/shape_prompt_annotations/marked_videos/wrist/episode_000162_frame_000008_red_point_from_here.mp4,2026-06-22T02:35:19.567826+00:00
episode_000163,163,/home/yan/myProjects/GenMem/annotation/observation.images.top/episode_000163.mp4,/home/yan/myProjects/GenMem/annotation/observation.images.wrist/episode_000163.mp4,7,0.7,50,60,98,91,U-shaped,"Observe the shapes shown, wait, then touch the object which is U-shaped.",/home/yan/myProjects/GenMem/annotation/shape_prompt_annotations/raw_frames/top/episode_000163_frame_000007.png,/home/yan/myProjects/GenMem/annotation/shape_prompt_annotations/marked_frames/top/episode_000163_frame_000007_red_point.png,/home/yan/myProjects/GenMem/annotation/shape_prompt_annotations/marked_videos/top/episode_000163_frame_000007_red_point_from_here.mp4,/home/yan/myProjects/GenMem/annotation/shape_prompt_annotations/raw_frames/wrist/episode_000163_frame_000007.png,/home/yan/myProjects/GenMem/annotation/shape_prompt_annotations/marked_frames/wrist/episode_000163_frame_000007_red_point.png,/home/yan/myProjects/GenMem/annotation/shape_prompt_annotations/marked_videos/wrist/episode_000163_frame_000007_red_point_from_here.mp4,2026-06-22T02:35:27.948659+00:00
episode_000164,164,/home/yan/myProjects/GenMem/annotation/observation.images.top/episode_000164.mp4,/home/yan/myProjects/GenMem/annotation/observation.images.wrist/episode_000164.mp4,11,1.1,49,75,89,68,plus-shaped,"Observe the shapes shown, wait, then touch the object which is plus-shaped.",/home/yan/myProjects/GenMem/annotation/shape_prompt_annotations/raw_frames/top/episode_000164_frame_000011.png,/home/yan/myProjects/GenMem/annotation/shape_prompt_annotations/marked_frames/top/episode_000164_frame_000011_red_point.png,/home/yan/myProjects/GenMem/annotation/shape_prompt_annotations/marked_videos/top/episode_000164_frame_000011_red_point_from_here.mp4,/home/yan/myProjects/GenMem/annotation/shape_prompt_annotations/raw_frames/wrist/episode_000164_frame_000011.png,/home/yan/myProjects/GenMem/annotation/shape_prompt_annotations/marked_frames/wrist/episode_000164_frame_000011_red_point.png,/home/yan/myProjects/GenMem/annotation/shape_prompt_annotations/marked_videos/wrist/episode_000164_frame_000011_red_point_from_here.mp4,2026-06-22T02:35:36.830907+00:00
episode_000165,165,/home/yan/myProjects/GenMem/annotation/observation.images.top/episode_000165.mp4,/home/yan/myProjects/GenMem/annotation/observation.images.wrist/episode_000165.mp4,4,0.4,50,60,95,92,U-shaped,"Observe the shapes shown, wait, then touch the object which is U-shaped.",/home/yan/myProjects/GenMem/annotation/shape_prompt_annotations/raw_frames/top/episode_000165_frame_000004.png,/home/yan/myProjects/GenMem/annotation/shape_prompt_annotations/marked_frames/top/episode_000165_frame_000004_red_point.png,/home/yan/myProjects/GenMem/annotation/shape_prompt_annotations/marked_videos/top/episode_000165_frame_000004_red_point_from_here.mp4,/home/yan/myProjects/GenMem/annotation/shape_prompt_annotations/raw_frames/wrist/episode_000165_frame_000004.png,/home/yan/myProjects/GenMem/annotation/shape_prompt_annotations/marked_frames/wrist/episode_000165_frame_000004_red_point.png,/home/yan/myProjects/GenMem/annotation/shape_prompt_annotations/marked_videos/wrist/episode_000165_frame_000004_red_point_from_here.mp4,2026-06-22T02:36:05.569623+00:00
episode_000166,166,/home/yan/myProjects/GenMem/annotation/observation.images.top/episode_000166.mp4,/home/yan/myProjects/GenMem/annotation/observation.images.wrist/episode_000166.mp4,10,1.0,49,75,90,65,U-shaped,"Observe the shapes shown, wait, then touch the object which is U-shaped.",/home/yan/myProjects/GenMem/annotation/shape_prompt_annotations/raw_frames/top/episode_000166_frame_000010.png,/home/yan/myProjects/GenMem/annotation/shape_prompt_annotations/marked_frames/top/episode_000166_frame_000010_red_point.png,/home/yan/myProjects/GenMem/annotation/shape_prompt_annotations/marked_videos/top/episode_000166_frame_000010_red_point_from_here.mp4,/home/yan/myProjects/GenMem/annotation/shape_prompt_annotations/raw_frames/wrist/episode_000166_frame_000010.png,/home/yan/myProjects/GenMem/annotation/shape_prompt_annotations/marked_frames/wrist/episode_000166_frame_000010_red_point.png,/home/yan/myProjects/GenMem/annotation/shape_prompt_annotations/marked_videos/wrist/episode_000166_frame_000010_red_point_from_here.mp4,2026-06-22T02:36:14.040469+00:00
episode_000167,167,/home/yan/myProjects/GenMem/annotation/observation.images.top/episode_000167.mp4,/home/yan/myProjects/GenMem/annotation/observation.images.wrist/episode_000167.mp4,9,0.9,59,80,73,64,smaller square-like,"Observe the shapes shown, wait, then touch the object which is smaller square-like.",/home/yan/myProjects/GenMem/annotation/shape_prompt_annotations/raw_frames/top/episode_000167_frame_000009.png,/home/yan/myProjects/GenMem/annotation/shape_prompt_annotations/marked_frames/top/episode_000167_frame_000009_red_point.png,/home/yan/myProjects/GenMem/annotation/shape_prompt_annotations/marked_videos/top/episode_000167_frame_000009_red_point_from_here.mp4,/home/yan/myProjects/GenMem/annotation/shape_prompt_annotations/raw_frames/wrist/episode_000167_frame_000009.png,/home/yan/myProjects/GenMem/annotation/shape_prompt_annotations/marked_frames/wrist/episode_000167_frame_000009_red_point.png,/home/yan/myProjects/GenMem/annotation/shape_prompt_annotations/marked_videos/wrist/episode_000167_frame_000009_red_point_from_here.mp4,2026-06-22T02:37:32.385199+00:00
episode_000168,168,/home/yan/myProjects/GenMem/annotation/observation.images.top/episode_000168.mp4,/home/yan/myProjects/GenMem/annotation/observation.images.wrist/episode_000168.mp4,8,0.8,64,80,69,58,plus-shaped,"Observe the shapes shown, wait, then touch the object which is plus-shaped.",/home/yan/myProjects/GenMem/annotation/shape_prompt_annotations/raw_frames/top/episode_000168_frame_000008.png,/home/yan/myProjects/GenMem/annotation/shape_prompt_annotations/marked_frames/top/episode_000168_frame_000008_red_point.png,/home/yan/myProjects/GenMem/annotation/shape_prompt_annotations/marked_videos/top/episode_000168_frame_000008_red_point_from_here.mp4,/home/yan/myProjects/GenMem/annotation/shape_prompt_annotations/raw_frames/wrist/episode_000168_frame_000008.png,/home/yan/myProjects/GenMem/annotation/shape_prompt_annotations/marked_frames/wrist/episode_000168_frame_000008_red_point.png,/home/yan/myProjects/GenMem/annotation/shape_prompt_annotations/marked_videos/wrist/episode_000168_frame_000008_red_point_from_here.mp4,2026-06-22T02:37:39.726680+00:00
episode_000169,169,/home/yan/myProjects/GenMem/annotation/observation.images.top/episode_000169.mp4,/home/yan/myProjects/GenMem/annotation/observation.images.wrist/episode_000169.mp4,9,0.9,67,83,61,49,cylinder,"Observe the shapes shown, wait, then touch the object which is cylinder.",/home/yan/myProjects/GenMem/annotation/shape_prompt_annotations/raw_frames/top/episode_000169_frame_000009.png,/home/yan/myProjects/GenMem/annotation/shape_prompt_annotations/marked_frames/top/episode_000169_frame_000009_red_point.png,/home/yan/myProjects/GenMem/annotation/shape_prompt_annotations/marked_videos/top/episode_000169_frame_000009_red_point_from_here.mp4,/home/yan/myProjects/GenMem/annotation/shape_prompt_annotations/raw_frames/wrist/episode_000169_frame_000009.png,/home/yan/myProjects/GenMem/annotation/shape_prompt_annotations/marked_frames/wrist/episode_000169_frame_000009_red_point.png,/home/yan/myProjects/GenMem/annotation/shape_prompt_annotations/marked_videos/wrist/episode_000169_frame_000009_red_point_from_here.mp4,2026-06-22T02:37:47.920513+00:00
episode_000170,170,/home/yan/myProjects/GenMem/annotation/observation.images.top/episode_000170.mp4,/home/yan/myProjects/GenMem/annotation/observation.images.wrist/episode_000170.mp4,6,0.6,46,78,101,60,ball-shaped,"Observe the shapes shown, wait, then touch the object which is ball-shaped.",/home/yan/myProjects/GenMem/annotation/shape_prompt_annotations/raw_frames/top/episode_000170_frame_000006.png,/home/yan/myProjects/GenMem/annotation/shape_prompt_annotations/marked_frames/top/episode_000170_frame_000006_red_point.png,/home/yan/myProjects/GenMem/annotation/shape_prompt_annotations/marked_videos/top/episode_000170_frame_000006_red_point_from_here.mp4,/home/yan/myProjects/GenMem/annotation/shape_prompt_annotations/raw_frames/wrist/episode_000170_frame_000006.png,/home/yan/myProjects/GenMem/annotation/shape_prompt_annotations/marked_frames/wrist/episode_000170_frame_000006_red_point.png,/home/yan/myProjects/GenMem/annotation/shape_prompt_annotations/marked_videos/wrist/episode_000170_frame_000006_red_point_from_here.mp4,2026-06-22T02:37:58.156494+00:00
episode_000171,171,/home/yan/myProjects/GenMem/annotation/observation.images.top/episode_000171.mp4,/home/yan/myProjects/GenMem/annotation/observation.images.wrist/episode_000171.mp4,8,0.8,80,61,33,96,plus-shaped,"Observe the shapes shown, wait, then touch the object which is plus-shaped.",/home/yan/myProjects/GenMem/annotation/shape_prompt_annotations/raw_frames/top/episode_000171_frame_000008.png,/home/yan/myProjects/GenMem/annotation/shape_prompt_annotations/marked_frames/top/episode_000171_frame_000008_red_point.png,/home/yan/myProjects/GenMem/annotation/shape_prompt_annotations/marked_videos/top/episode_000171_frame_000008_red_point_from_here.mp4,/home/yan/myProjects/GenMem/annotation/shape_prompt_annotations/raw_frames/wrist/episode_000171_frame_000008.png,/home/yan/myProjects/GenMem/annotation/shape_prompt_annotations/marked_frames/wrist/episode_000171_frame_000008_red_point.png,/home/yan/myProjects/GenMem/annotation/shape_prompt_annotations/marked_videos/wrist/episode_000171_frame_000008_red_point_from_here.mp4,2026-06-22T02:38:13.529915+00:00
episode_000172,172,/home/yan/myProjects/GenMem/annotation/observation.images.top/episode_000172.mp4,/home/yan/myProjects/GenMem/annotation/observation.images.wrist/episode_000172.mp4,10,1.0,47,68,106,80,square,"Observe the shapes shown, wait, then touch the object which is square.",/home/yan/myProjects/GenMem/annotation/shape_prompt_annotations/raw_frames/top/episode_000172_frame_000010.png,/home/yan/myProjects/GenMem/annotation/shape_prompt_annotations/marked_frames/top/episode_000172_frame_000010_red_point.png,/home/yan/myProjects/GenMem/annotation/shape_prompt_annotations/marked_videos/top/episode_000172_frame_000010_red_point_from_here.mp4,/home/yan/myProjects/GenMem/annotation/shape_prompt_annotations/raw_frames/wrist/episode_000172_frame_000010.png,/home/yan/myProjects/GenMem/annotation/shape_prompt_annotations/marked_frames/wrist/episode_000172_frame_000010_red_point.png,/home/yan/myProjects/GenMem/annotation/shape_prompt_annotations/marked_videos/wrist/episode_000172_frame_000010_red_point_from_here.mp4,2026-06-22T02:38:27.177534+00:00
episode_000173,173,/home/yan/myProjects/GenMem/annotation/observation.images.top/episode_000173.mp4,/home/yan/myProjects/GenMem/annotation/observation.images.wrist/episode_000173.mp4,6,0.6,80,75,43,62,U-shaped,"Observe the shapes shown, wait, then touch the object which is U-shaped.",/home/yan/myProjects/GenMem/annotation/shape_prompt_annotations/raw_frames/top/episode_000173_frame_000006.png,/home/yan/myProjects/GenMem/annotation/shape_prompt_annotations/marked_frames/top/episode_000173_frame_000006_red_point.png,/home/yan/myProjects/GenMem/annotation/shape_prompt_annotations/marked_videos/top/episode_000173_frame_000006_red_point_from_here.mp4,/home/yan/myProjects/GenMem/annotation/shape_prompt_annotations/raw_frames/wrist/episode_000173_frame_000006.png,/home/yan/myProjects/GenMem/annotation/shape_prompt_annotations/marked_frames/wrist/episode_000173_frame_000006_red_point.png,/home/yan/myProjects/GenMem/annotation/shape_prompt_annotations/marked_videos/wrist/episode_000173_frame_000006_red_point_from_here.mp4,2026-06-22T02:38:37.661346+00:00
episode_000174,174,/home/yan/myProjects/GenMem/annotation/observation.images.top/episode_000174.mp4,/home/yan/myProjects/GenMem/annotation/observation.images.wrist/episode_000174.mp4,4,0.4,73,79,49,55,plus-shaped,"Observe the shapes shown, wait, then touch the object which is plus-shaped.",/home/yan/myProjects/GenMem/annotation/shape_prompt_annotations/raw_frames/top/episode_000174_frame_000004.png,/home/yan/myProjects/GenMem/annotation/shape_prompt_annotations/marked_frames/top/episode_000174_frame_000004_red_point.png,/home/yan/myProjects/GenMem/annotation/shape_prompt_annotations/marked_videos/top/episode_000174_frame_000004_red_point_from_here.mp4,/home/yan/myProjects/GenMem/annotation/shape_prompt_annotations/raw_frames/wrist/episode_000174_frame_000004.png,/home/yan/myProjects/GenMem/annotation/shape_prompt_annotations/marked_frames/wrist/episode_000174_frame_000004_red_point.png,/home/yan/myProjects/GenMem/annotation/shape_prompt_annotations/marked_videos/wrist/episode_000174_frame_000004_red_point_from_here.mp4,2026-06-22T02:38:48.354330+00:00
episode_000175,175,/home/yan/myProjects/GenMem/annotation/observation.images.top/episode_000175.mp4,/home/yan/myProjects/GenMem/annotation/observation.images.wrist/episode_000175.mp4,8,0.8,79,73,37,70,ring-shaped,"Observe the shapes shown, wait, then touch the object which is ring-shaped.",/home/yan/myProjects/GenMem/annotation/shape_prompt_annotations/raw_frames/top/episode_000175_frame_000008.png,/home/yan/myProjects/GenMem/annotation/shape_prompt_annotations/marked_frames/top/episode_000175_frame_000008_red_point.png,/home/yan/myProjects/GenMem/annotation/shape_prompt_annotations/marked_videos/top/episode_000175_frame_000008_red_point_from_here.mp4,/home/yan/myProjects/GenMem/annotation/shape_prompt_annotations/raw_frames/wrist/episode_000175_frame_000008.png,/home/yan/myProjects/GenMem/annotation/shape_prompt_annotations/marked_frames/wrist/episode_000175_frame_000008_red_point.png,/home/yan/myProjects/GenMem/annotation/shape_prompt_annotations/marked_videos/wrist/episode_000175_frame_000008_red_point_from_here.mp4,2026-06-22T02:39:01.948206+00:00
episode_000176,176,/home/yan/myProjects/GenMem/annotation/observation.images.top/episode_000176.mp4,/home/yan/myProjects/GenMem/annotation/observation.images.wrist/episode_000176.mp4,5,0.5,80,61,36,99,cylinder,"Observe the shapes shown, wait, then touch the object which is cylinder.",/home/yan/myProjects/GenMem/annotation/shape_prompt_annotations/raw_frames/top/episode_000176_frame_000005.png,/home/yan/myProjects/GenMem/annotation/shape_prompt_annotations/marked_frames/top/episode_000176_frame_000005_red_point.png,/home/yan/myProjects/GenMem/annotation/shape_prompt_annotations/marked_videos/top/episode_000176_frame_000005_red_point_from_here.mp4,/home/yan/myProjects/GenMem/annotation/shape_prompt_annotations/raw_frames/wrist/episode_000176_frame_000005.png,/home/yan/myProjects/GenMem/annotation/shape_prompt_annotations/marked_frames/wrist/episode_000176_frame_000005_red_point.png,/home/yan/myProjects/GenMem/annotation/shape_prompt_annotations/marked_videos/wrist/episode_000176_frame_000005_red_point_from_here.mp4,2026-06-22T02:39:08.691836+00:00
episode_000177,177,/home/yan/myProjects/GenMem/annotation/observation.images.top/episode_000177.mp4,/home/yan/myProjects/GenMem/annotation/observation.images.wrist/episode_000177.mp4,5,0.5,73,80,49,53,square,"Observe the shapes shown, wait, then touch the object which is square.",/home/yan/myProjects/GenMem/annotation/shape_prompt_annotations/raw_frames/top/episode_000177_frame_000005.png,/home/yan/myProjects/GenMem/annotation/shape_prompt_annotations/marked_frames/top/episode_000177_frame_000005_red_point.png,/home/yan/myProjects/GenMem/annotation/shape_prompt_annotations/marked_videos/top/episode_000177_frame_000005_red_point_from_here.mp4,/home/yan/myProjects/GenMem/annotation/shape_prompt_annotations/raw_frames/wrist/episode_000177_frame_000005.png,/home/yan/myProjects/GenMem/annotation/shape_prompt_annotations/marked_frames/wrist/episode_000177_frame_000005_red_point.png,/home/yan/myProjects/GenMem/annotation/shape_prompt_annotations/marked_videos/wrist/episode_000177_frame_000005_red_point_from_here.mp4,2026-06-22T02:39:21.466539+00:00
episode_000178,178,/home/yan/myProjects/GenMem/annotation/observation.images.top/episode_000178.mp4,/home/yan/myProjects/GenMem/annotation/observation.images.wrist/episode_000178.mp4,6,0.6,79,77,37,51,ring-shaped,"Observe the shapes shown, wait, then touch the object which is ring-shaped.",/home/yan/myProjects/GenMem/annotation/shape_prompt_annotations/raw_frames/top/episode_000178_frame_000006.png,/home/yan/myProjects/GenMem/annotation/shape_prompt_annotations/marked_frames/top/episode_000178_frame_000006_red_point.png,/home/yan/myProjects/GenMem/annotation/shape_prompt_annotations/marked_videos/top/episode_000178_frame_000006_red_point_from_here.mp4,/home/yan/myProjects/GenMem/annotation/shape_prompt_annotations/raw_frames/wrist/episode_000178_frame_000006.png,/home/yan/myProjects/GenMem/annotation/shape_prompt_annotations/marked_frames/wrist/episode_000178_frame_000006_red_point.png,/home/yan/myProjects/GenMem/annotation/shape_prompt_annotations/marked_videos/wrist/episode_000178_frame_000006_red_point_from_here.mp4,2026-06-22T02:39:33.209020+00:00
episode_000179,179,/home/yan/myProjects/GenMem/annotation/observation.images.top/episode_000179.mp4,/home/yan/myProjects/GenMem/annotation/observation.images.wrist/episode_000179.mp4,3,0.3,80,61,38,93,plus-shaped,"Observe the shapes shown, wait, then touch the object which is plus-shaped.",/home/yan/myProjects/GenMem/annotation/shape_prompt_annotations/raw_frames/top/episode_000179_frame_000003.png,/home/yan/myProjects/GenMem/annotation/shape_prompt_annotations/marked_frames/top/episode_000179_frame_000003_red_point.png,/home/yan/myProjects/GenMem/annotation/shape_prompt_annotations/marked_videos/top/episode_000179_frame_000003_red_point_from_here.mp4,/home/yan/myProjects/GenMem/annotation/shape_prompt_annotations/raw_frames/wrist/episode_000179_frame_000003.png,/home/yan/myProjects/GenMem/annotation/shape_prompt_annotations/marked_frames/wrist/episode_000179_frame_000003_red_point.png,/home/yan/myProjects/GenMem/annotation/shape_prompt_annotations/marked_videos/wrist/episode_000179_frame_000003_red_point_from_here.mp4,2026-06-22T02:41:20.612755+00:00
episode_000180,180,/home/yan/myProjects/GenMem/annotation/observation.images.top/episode_000180.mp4,/home/yan/myProjects/GenMem/annotation/observation.images.wrist/episode_000180.mp4,5,0.5,77,74,40,76,star-shaped,"Observe the shapes shown, wait, then touch the object which is star-shaped.",/home/yan/myProjects/GenMem/annotation/shape_prompt_annotations/raw_frames/top/episode_000180_frame_000005.png,/home/yan/myProjects/GenMem/annotation/shape_prompt_annotations/marked_frames/top/episode_000180_frame_000005_red_point.png,/home/yan/myProjects/GenMem/annotation/shape_prompt_annotations/marked_videos/top/episode_000180_frame_000005_red_point_from_here.mp4,/home/yan/myProjects/GenMem/annotation/shape_prompt_annotations/raw_frames/wrist/episode_000180_frame_000005.png,/home/yan/myProjects/GenMem/annotation/shape_prompt_annotations/marked_frames/wrist/episode_000180_frame_000005_red_point.png,/home/yan/myProjects/GenMem/annotation/shape_prompt_annotations/marked_videos/wrist/episode_000180_frame_000005_red_point_from_here.mp4,2026-06-22T02:41:27.935741+00:00
episode_000181,181,/home/yan/myProjects/GenMem/annotation/observation.images.top/episode_000181.mp4,/home/yan/myProjects/GenMem/annotation/observation.images.wrist/episode_000181.mp4,6,0.6,71,80,49,53,star-shaped,"Observe the shapes shown, wait, then touch the object which is star-shaped.",/home/yan/myProjects/GenMem/annotation/shape_prompt_annotations/raw_frames/top/episode_000181_frame_000006.png,/home/yan/myProjects/GenMem/annotation/shape_prompt_annotations/marked_frames/top/episode_000181_frame_000006_red_point.png,/home/yan/myProjects/GenMem/annotation/shape_prompt_annotations/marked_videos/top/episode_000181_frame_000006_red_point_from_here.mp4,/home/yan/myProjects/GenMem/annotation/shape_prompt_annotations/raw_frames/wrist/episode_000181_frame_000006.png,/home/yan/myProjects/GenMem/annotation/shape_prompt_annotations/marked_frames/wrist/episode_000181_frame_000006_red_point.png,/home/yan/myProjects/GenMem/annotation/shape_prompt_annotations/marked_videos/wrist/episode_000181_frame_000006_red_point_from_here.mp4,2026-06-22T02:41:41.954347+00:00
episode_000182,182,/home/yan/myProjects/GenMem/annotation/observation.images.top/episode_000182.mp4,/home/yan/myProjects/GenMem/annotation/observation.images.wrist/episode_000182.mp4,6,0.6,80,61,34,96,star-shaped,"Observe the shapes shown, wait, then touch the object which is star-shaped.",/home/yan/myProjects/GenMem/annotation/shape_prompt_annotations/raw_frames/top/episode_000182_frame_000006.png,/home/yan/myProjects/GenMem/annotation/shape_prompt_annotations/marked_frames/top/episode_000182_frame_000006_red_point.png,/home/yan/myProjects/GenMem/annotation/shape_prompt_annotations/marked_videos/top/episode_000182_frame_000006_red_point_from_here.mp4,/home/yan/myProjects/GenMem/annotation/shape_prompt_annotations/raw_frames/wrist/episode_000182_frame_000006.png,/home/yan/myProjects/GenMem/annotation/shape_prompt_annotations/marked_frames/wrist/episode_000182_frame_000006_red_point.png,/home/yan/myProjects/GenMem/annotation/shape_prompt_annotations/marked_videos/wrist/episode_000182_frame_000006_red_point_from_here.mp4,2026-06-22T02:41:51.349575+00:00
episode_000183,183,/home/yan/myProjects/GenMem/annotation/observation.images.top/episode_000183.mp4,/home/yan/myProjects/GenMem/annotation/observation.images.wrist/episode_000183.mp4,7,0.7,56,80,84,54,star-shaped,"Observe the shapes shown, wait, then touch the object which is star-shaped.",/home/yan/myProjects/GenMem/annotation/shape_prompt_annotations/raw_frames/top/episode_000183_frame_000007.png,/home/yan/myProjects/GenMem/annotation/shape_prompt_annotations/marked_frames/top/episode_000183_frame_000007_red_point.png,/home/yan/myProjects/GenMem/annotation/shape_prompt_annotations/marked_videos/top/episode_000183_frame_000007_red_point_from_here.mp4,/home/yan/myProjects/GenMem/annotation/shape_prompt_annotations/raw_frames/wrist/episode_000183_frame_000007.png,/home/yan/myProjects/GenMem/annotation/shape_prompt_annotations/marked_frames/wrist/episode_000183_frame_000007_red_point.png,/home/yan/myProjects/GenMem/annotation/shape_prompt_annotations/marked_videos/wrist/episode_000183_frame_000007_red_point_from_here.mp4,2026-06-22T02:41:58.277450+00:00
episode_000184,184,/home/yan/myProjects/GenMem/annotation/observation.images.top/episode_000184.mp4,/home/yan/myProjects/GenMem/annotation/observation.images.wrist/episode_000184.mp4,6,0.6,74,81,52,53,T-shaped,"Observe the shapes shown, wait, then touch the object which is T-shaped.",/home/yan/myProjects/GenMem/annotation/shape_prompt_annotations/raw_frames/top/episode_000184_frame_000006.png,/home/yan/myProjects/GenMem/annotation/shape_prompt_annotations/marked_frames/top/episode_000184_frame_000006_red_point.png,/home/yan/myProjects/GenMem/annotation/shape_prompt_annotations/marked_videos/top/episode_000184_frame_000006_red_point_from_here.mp4,/home/yan/myProjects/GenMem/annotation/shape_prompt_annotations/raw_frames/wrist/episode_000184_frame_000006.png,/home/yan/myProjects/GenMem/annotation/shape_prompt_annotations/marked_frames/wrist/episode_000184_frame_000006_red_point.png,/home/yan/myProjects/GenMem/annotation/shape_prompt_annotations/marked_videos/wrist/episode_000184_frame_000006_red_point_from_here.mp4,2026-06-22T02:42:07.964260+00:00
episode_000185,185,/home/yan/myProjects/GenMem/annotation/observation.images.top/episode_000185.mp4,/home/yan/myProjects/GenMem/annotation/observation.images.wrist/episode_000185.mp4,5,0.5,50,74,97,67,star-shaped,"Observe the shapes shown, wait, then touch the object which is star-shaped.",/home/yan/myProjects/GenMem/annotation/shape_prompt_annotations/raw_frames/top/episode_000185_frame_000005.png,/home/yan/myProjects/GenMem/annotation/shape_prompt_annotations/marked_frames/top/episode_000185_frame_000005_red_point.png,/home/yan/myProjects/GenMem/annotation/shape_prompt_annotations/marked_videos/top/episode_000185_frame_000005_red_point_from_here.mp4,/home/yan/myProjects/GenMem/annotation/shape_prompt_annotations/raw_frames/wrist/episode_000185_frame_000005.png,/home/yan/myProjects/GenMem/annotation/shape_prompt_annotations/marked_frames/wrist/episode_000185_frame_000005_red_point.png,/home/yan/myProjects/GenMem/annotation/shape_prompt_annotations/marked_videos/wrist/episode_000185_frame_000005_red_point_from_here.mp4,2026-06-22T02:42:22.105305+00:00
episode_000186,186,/home/yan/myProjects/GenMem/annotation/observation.images.top/episode_000186.mp4,/home/yan/myProjects/GenMem/annotation/observation.images.wrist/episode_000186.mp4,2,0.2,55,80,83,56,ball-shaped,"Observe the shapes shown, wait, then touch the object which is ball-shaped.",/home/yan/myProjects/GenMem/annotation/shape_prompt_annotations/raw_frames/top/episode_000186_frame_000002.png,/home/yan/myProjects/GenMem/annotation/shape_prompt_annotations/marked_frames/top/episode_000186_frame_000002_red_point.png,/home/yan/myProjects/GenMem/annotation/shape_prompt_annotations/marked_videos/top/episode_000186_frame_000002_red_point_from_here.mp4,/home/yan/myProjects/GenMem/annotation/shape_prompt_annotations/raw_frames/wrist/episode_000186_frame_000002.png,/home/yan/myProjects/GenMem/annotation/shape_prompt_annotations/marked_frames/wrist/episode_000186_frame_000002_red_point.png,/home/yan/myProjects/GenMem/annotation/shape_prompt_annotations/marked_videos/wrist/episode_000186_frame_000002_red_point_from_here.mp4,2026-06-22T02:42:42.761924+00:00
episode_000187,187,/home/yan/myProjects/GenMem/annotation/observation.images.top/episode_000187.mp4,/home/yan/myProjects/GenMem/annotation/observation.images.wrist/episode_000187.mp4,4,0.4,81,68,35,79,ball-shaped,"Observe the shapes shown, wait, then touch the object which is ball-shaped.",/home/yan/myProjects/GenMem/annotation/shape_prompt_annotations/raw_frames/top/episode_000187_frame_000004.png,/home/yan/myProjects/GenMem/annotation/shape_prompt_annotations/marked_frames/top/episode_000187_frame_000004_red_point.png,/home/yan/myProjects/GenMem/annotation/shape_prompt_annotations/marked_videos/top/episode_000187_frame_000004_red_point_from_here.mp4,/home/yan/myProjects/GenMem/annotation/shape_prompt_annotations/raw_frames/wrist/episode_000187_frame_000004.png,/home/yan/myProjects/GenMem/annotation/shape_prompt_annotations/marked_frames/wrist/episode_000187_frame_000004_red_point.png,/home/yan/myProjects/GenMem/annotation/shape_prompt_annotations/marked_videos/wrist/episode_000187_frame_000004_red_point_from_here.mp4,2026-06-22T02:42:50.913322+00:00
episode_000188,188,/home/yan/myProjects/GenMem/annotation/observation.images.top/episode_000188.mp4,/home/yan/myProjects/GenMem/annotation/observation.images.wrist/episode_000188.mp4,7,0.7,49,68,103,81,cylinder,"Observe the shapes shown, wait, then touch the object which is cylinder.",/home/yan/myProjects/GenMem/annotation/shape_prompt_annotations/raw_frames/top/episode_000188_frame_000007.png,/home/yan/myProjects/GenMem/annotation/shape_prompt_annotations/marked_frames/top/episode_000188_frame_000007_red_point.png,/home/yan/myProjects/GenMem/annotation/shape_prompt_annotations/marked_videos/top/episode_000188_frame_000007_red_point_from_here.mp4,/home/yan/myProjects/GenMem/annotation/shape_prompt_annotations/raw_frames/wrist/episode_000188_frame_000007.png,/home/yan/myProjects/GenMem/annotation/shape_prompt_annotations/marked_frames/wrist/episode_000188_frame_000007_red_point.png,/home/yan/myProjects/GenMem/annotation/shape_prompt_annotations/marked_videos/wrist/episode_000188_frame_000007_red_point_from_here.mp4,2026-06-22T02:43:05.194858+00:00
episode_000189,189,/home/yan/myProjects/GenMem/annotation/observation.images.top/episode_000189.mp4,/home/yan/myProjects/GenMem/annotation/observation.images.wrist/episode_000189.mp4,6,0.6,78,75,50,64,ball-shaped,"Observe the shapes shown, wait, then touch the object which is ball-shaped.",/home/yan/myProjects/GenMem/annotation/shape_prompt_annotations/raw_frames/top/episode_000189_frame_000006.png,/home/yan/myProjects/GenMem/annotation/shape_prompt_annotations/marked_frames/top/episode_000189_frame_000006_red_point.png,/home/yan/myProjects/GenMem/annotation/shape_prompt_annotations/marked_videos/top/episode_000189_frame_000006_red_point_from_here.mp4,/home/yan/myProjects/GenMem/annotation/shape_prompt_annotations/raw_frames/wrist/episode_000189_frame_000006.png,/home/yan/myProjects/GenMem/annotation/shape_prompt_annotations/marked_frames/wrist/episode_000189_frame_000006_red_point.png,/home/yan/myProjects/GenMem/annotation/shape_prompt_annotations/marked_videos/wrist/episode_000189_frame_000006_red_point_from_here.mp4,2026-06-22T02:43:16.201081+00:00
episode_000190,190,/home/yan/myProjects/GenMem/annotation/observation.images.top/episode_000190.mp4,/home/yan/myProjects/GenMem/annotation/observation.images.wrist/episode_000190.mp4,10,1.0,47,61,95,93,star-shaped,"Observe the shapes shown, wait, then touch the object which is star-shaped.",/home/yan/myProjects/GenMem/annotation/shape_prompt_annotations/raw_frames/top/episode_000190_frame_000010.png,/home/yan/myProjects/GenMem/annotation/shape_prompt_annotations/marked_frames/top/episode_000190_frame_000010_red_point.png,/home/yan/myProjects/GenMem/annotation/shape_prompt_annotations/marked_videos/top/episode_000190_frame_000010_red_point_from_here.mp4,/home/yan/myProjects/GenMem/annotation/shape_prompt_annotations/raw_frames/wrist/episode_000190_frame_000010.png,/home/yan/myProjects/GenMem/annotation/shape_prompt_annotations/marked_frames/wrist/episode_000190_frame_000010_red_point.png,/home/yan/myProjects/GenMem/annotation/shape_prompt_annotations/marked_videos/wrist/episode_000190_frame_000010_red_point_from_here.mp4,2026-06-22T02:44:01.441837+00:00
episode_000191,191,/home/yan/myProjects/GenMem/annotation/observation.images.top/episode_000191.mp4,/home/yan/myProjects/GenMem/annotation/observation.images.wrist/episode_000191.mp4,8,0.8,64,82,68,54,smaller square-like,"Observe the shapes shown, wait, then touch the object which is smaller square-like.",/home/yan/myProjects/GenMem/annotation/shape_prompt_annotations/raw_frames/top/episode_000191_frame_000008.png,/home/yan/myProjects/GenMem/annotation/shape_prompt_annotations/marked_frames/top/episode_000191_frame_000008_red_point.png,/home/yan/myProjects/GenMem/annotation/shape_prompt_annotations/marked_videos/top/episode_000191_frame_000008_red_point_from_here.mp4,/home/yan/myProjects/GenMem/annotation/shape_prompt_annotations/raw_frames/wrist/episode_000191_frame_000008.png,/home/yan/myProjects/GenMem/annotation/shape_prompt_annotations/marked_frames/wrist/episode_000191_frame_000008_red_point.png,/home/yan/myProjects/GenMem/annotation/shape_prompt_annotations/marked_videos/wrist/episode_000191_frame_000008_red_point_from_here.mp4,2026-06-22T02:44:10.690876+00:00
episode_000192,192,/home/yan/myProjects/GenMem/annotation/observation.images.top/episode_000192.mp4,/home/yan/myProjects/GenMem/annotation/observation.images.wrist/episode_000192.mp4,5,0.5,62,80,69,54,plus-shaped,"Observe the shapes shown, wait, then touch the object which is plus-shaped.",/home/yan/myProjects/GenMem/annotation/shape_prompt_annotations/raw_frames/top/episode_000192_frame_000005.png,/home/yan/myProjects/GenMem/annotation/shape_prompt_annotations/marked_frames/top/episode_000192_frame_000005_red_point.png,/home/yan/myProjects/GenMem/annotation/shape_prompt_annotations/marked_videos/top/episode_000192_frame_000005_red_point_from_here.mp4,/home/yan/myProjects/GenMem/annotation/shape_prompt_annotations/raw_frames/wrist/episode_000192_frame_000005.png,/home/yan/myProjects/GenMem/annotation/shape_prompt_annotations/marked_frames/wrist/episode_000192_frame_000005_red_point.png,/home/yan/myProjects/GenMem/annotation/shape_prompt_annotations/marked_videos/wrist/episode_000192_frame_000005_red_point_from_here.mp4,2026-06-22T02:44:18.693535+00:00
episode_000193,193,/home/yan/myProjects/GenMem/annotation/observation.images.top/episode_000193.mp4,/home/yan/myProjects/GenMem/annotation/observation.images.wrist/episode_000193.mp4,4,0.4,80,70,34,75,ball-shaped,"Observe the shapes shown, wait, then touch the object which is ball-shaped.",/home/yan/myProjects/GenMem/annotation/shape_prompt_annotations/raw_frames/top/episode_000193_frame_000004.png,/home/yan/myProjects/GenMem/annotation/shape_prompt_annotations/marked_frames/top/episode_000193_frame_000004_red_point.png,/home/yan/myProjects/GenMem/annotation/shape_prompt_annotations/marked_videos/top/episode_000193_frame_000004_red_point_from_here.mp4,/home/yan/myProjects/GenMem/annotation/shape_prompt_annotations/raw_frames/wrist/episode_000193_frame_000004.png,/home/yan/myProjects/GenMem/annotation/shape_prompt_annotations/marked_frames/wrist/episode_000193_frame_000004_red_point.png,/home/yan/myProjects/GenMem/annotation/shape_prompt_annotations/marked_videos/wrist/episode_000193_frame_000004_red_point_from_here.mp4,2026-06-22T02:44:28.805652+00:00
episode_000194,194,/home/yan/myProjects/GenMem/annotation/observation.images.top/episode_000194.mp4,/home/yan/myProjects/GenMem/annotation/observation.images.wrist/episode_000194.mp4,6,0.6,63,82,64,48,plus-shaped,"Observe the shapes shown, wait, then touch the object which is plus-shaped.",/home/yan/myProjects/GenMem/annotation/shape_prompt_annotations/raw_frames/top/episode_000194_frame_000006.png,/home/yan/myProjects/GenMem/annotation/shape_prompt_annotations/marked_frames/top/episode_000194_frame_000006_red_point.png,/home/yan/myProjects/GenMem/annotation/shape_prompt_annotations/marked_videos/top/episode_000194_frame_000006_red_point_from_here.mp4,/home/yan/myProjects/GenMem/annotation/shape_prompt_annotations/raw_frames/wrist/episode_000194_frame_000006.png,/home/yan/myProjects/GenMem/annotation/shape_prompt_annotations/marked_frames/wrist/episode_000194_frame_000006_red_point.png,/home/yan/myProjects/GenMem/annotation/shape_prompt_annotations/marked_videos/wrist/episode_000194_frame_000006_red_point_from_here.mp4,2026-06-22T02:44:58.920023+00:00
episode_000195,195,/home/yan/myProjects/GenMem/annotation/observation.images.top/episode_000195.mp4,/home/yan/myProjects/GenMem/annotation/observation.images.wrist/episode_000195.mp4,8,0.8,78,74,40,65,square,"Observe the shapes shown, wait, then touch the object which is square.",/home/yan/myProjects/GenMem/annotation/shape_prompt_annotations/raw_frames/top/episode_000195_frame_000008.png,/home/yan/myProjects/GenMem/annotation/shape_prompt_annotations/marked_frames/top/episode_000195_frame_000008_red_point.png,/home/yan/myProjects/GenMem/annotation/shape_prompt_annotations/marked_videos/top/episode_000195_frame_000008_red_point_from_here.mp4,/home/yan/myProjects/GenMem/annotation/shape_prompt_annotations/raw_frames/wrist/episode_000195_frame_000008.png,/home/yan/myProjects/GenMem/annotation/shape_prompt_annotations/marked_frames/wrist/episode_000195_frame_000008_red_point.png,/home/yan/myProjects/GenMem/annotation/shape_prompt_annotations/marked_videos/wrist/episode_000195_frame_000008_red_point_from_here.mp4,2026-06-22T02:45:10.652945+00:00
episode_000196,196,/home/yan/myProjects/GenMem/annotation/observation.images.top/episode_000196.mp4,/home/yan/myProjects/GenMem/annotation/observation.images.wrist/episode_000196.mp4,5,0.5,81,69,41,76,ring-shaped,"Observe the shapes shown, wait, then touch the object which is ring-shaped.",/home/yan/myProjects/GenMem/annotation/shape_prompt_annotations/raw_frames/top/episode_000196_frame_000005.png,/home/yan/myProjects/GenMem/annotation/shape_prompt_annotations/marked_frames/top/episode_000196_frame_000005_red_point.png,/home/yan/myProjects/GenMem/annotation/shape_prompt_annotations/marked_videos/top/episode_000196_frame_000005_red_point_from_here.mp4,/home/yan/myProjects/GenMem/annotation/shape_prompt_annotations/raw_frames/wrist/episode_000196_frame_000005.png,/home/yan/myProjects/GenMem/annotation/shape_prompt_annotations/marked_frames/wrist/episode_000196_frame_000005_red_point.png,/home/yan/myProjects/GenMem/annotation/shape_prompt_annotations/marked_videos/wrist/episode_000196_frame_000005_red_point_from_here.mp4,2026-06-22T02:45:35.745364+00:00
episode_000197,197,/home/yan/myProjects/GenMem/annotation/observation.images.top/episode_000197.mp4,/home/yan/myProjects/GenMem/annotation/observation.images.wrist/episode_000197.mp4,4,0.4,68,83,64,57,T-shaped,"Observe the shapes shown, wait, then touch the object which is T-shaped.",/home/yan/myProjects/GenMem/annotation/shape_prompt_annotations/raw_frames/top/episode_000197_frame_000004.png,/home/yan/myProjects/GenMem/annotation/shape_prompt_annotations/marked_frames/top/episode_000197_frame_000004_red_point.png,/home/yan/myProjects/GenMem/annotation/shape_prompt_annotations/marked_videos/top/episode_000197_frame_000004_red_point_from_here.mp4,/home/yan/myProjects/GenMem/annotation/shape_prompt_annotations/raw_frames/wrist/episode_000197_frame_000004.png,/home/yan/myProjects/GenMem/annotation/shape_prompt_annotations/marked_frames/wrist/episode_000197_frame_000004_red_point.png,/home/yan/myProjects/GenMem/annotation/shape_prompt_annotations/marked_videos/wrist/episode_000197_frame_000004_red_point_from_here.mp4,2026-06-22T02:45:52.401758+00:00
episode_000198,198,/home/yan/myProjects/GenMem/annotation/observation.images.top/episode_000198.mp4,/home/yan/myProjects/GenMem/annotation/observation.images.wrist/episode_000198.mp4,7,0.7,46,62,107,88,star-shaped,"Observe the shapes shown, wait, then touch the object which is star-shaped.",/home/yan/myProjects/GenMem/annotation/shape_prompt_annotations/raw_frames/top/episode_000198_frame_000007.png,/home/yan/myProjects/GenMem/annotation/shape_prompt_annotations/marked_frames/top/episode_000198_frame_000007_red_point.png,/home/yan/myProjects/GenMem/annotation/shape_prompt_annotations/marked_videos/top/episode_000198_frame_000007_red_point_from_here.mp4,/home/yan/myProjects/GenMem/annotation/shape_prompt_annotations/raw_frames/wrist/episode_000198_frame_000007.png,/home/yan/myProjects/GenMem/annotation/shape_prompt_annotations/marked_frames/wrist/episode_000198_frame_000007_red_point.png,/home/yan/myProjects/GenMem/annotation/shape_prompt_annotations/marked_videos/wrist/episode_000198_frame_000007_red_point_from_here.mp4,2026-06-22T02:46:05.262526+00:00
episode_000199,199,/home/yan/myProjects/GenMem/annotation/observation.images.top/episode_000199.mp4,/home/yan/myProjects/GenMem/annotation/observation.images.wrist/episode_000199.mp4,11,1.1,47,61,100,96,cylinder,"Observe the shapes shown, wait, then touch the object which is cylinder.",/home/yan/myProjects/GenMem/annotation/shape_prompt_annotations/raw_frames/top/episode_000199_frame_000011.png,/home/yan/myProjects/GenMem/annotation/shape_prompt_annotations/marked_frames/top/episode_000199_frame_000011_red_point.png,/home/yan/myProjects/GenMem/annotation/shape_prompt_annotations/marked_videos/top/episode_000199_frame_000011_red_point_from_here.mp4,/home/yan/myProjects/GenMem/annotation/shape_prompt_annotations/raw_frames/wrist/episode_000199_frame_000011.png,/home/yan/myProjects/GenMem/annotation/shape_prompt_annotations/marked_frames/wrist/episode_000199_frame_000011_red_point.png,/home/yan/myProjects/GenMem/annotation/shape_prompt_annotations/marked_videos/wrist/episode_000199_frame_000011_red_point_from_here.mp4,2026-06-22T02:46:13.923545+00:00
episode_000200,200,/home/yan/myProjects/GenMem/annotation/observation.images.top/episode_000200.mp4,/home/yan/myProjects/GenMem/annotation/observation.images.wrist/episode_000200.mp4,4,0.4,79,61,36,101,plus-shaped,"Observe the shapes shown, wait, then touch the object which is plus-shaped.",/home/yan/myProjects/GenMem/annotation/shape_prompt_annotations/raw_frames/top/episode_000200_frame_000004.png,/home/yan/myProjects/GenMem/annotation/shape_prompt_annotations/marked_frames/top/episode_000200_frame_000004_red_point.png,/home/yan/myProjects/GenMem/annotation/shape_prompt_annotations/marked_videos/top/episode_000200_frame_000004_red_point_from_here.mp4,/home/yan/myProjects/GenMem/annotation/shape_prompt_annotations/raw_frames/wrist/episode_000200_frame_000004.png,/home/yan/myProjects/GenMem/annotation/shape_prompt_annotations/marked_frames/wrist/episode_000200_frame_000004_red_point.png,/home/yan/myProjects/GenMem/annotation/shape_prompt_annotations/marked_videos/wrist/episode_000200_frame_000004_red_point_from_here.mp4,2026-06-22T02:46:24.047197+00:00
episode_000201,201,/home/yan/myProjects/GenMem/annotation/observation.images.top/episode_000201.mp4,/home/yan/myProjects/GenMem/annotation/observation.images.wrist/episode_000201.mp4,4,0.4,48,68,102,76,ring-shaped,"Observe the shapes shown, wait, then touch the object which is ring-shaped.",/home/yan/myProjects/GenMem/annotation/shape_prompt_annotations/raw_frames/top/episode_000201_frame_000004.png,/home/yan/myProjects/GenMem/annotation/shape_prompt_annotations/marked_frames/top/episode_000201_frame_000004_red_point.png,/home/yan/myProjects/GenMem/annotation/shape_prompt_annotations/marked_videos/top/episode_000201_frame_000004_red_point_from_here.mp4,/home/yan/myProjects/GenMem/annotation/shape_prompt_annotations/raw_frames/wrist/episode_000201_frame_000004.png,/home/yan/myProjects/GenMem/annotation/shape_prompt_annotations/marked_frames/wrist/episode_000201_frame_000004_red_point.png,/home/yan/myProjects/GenMem/annotation/shape_prompt_annotations/marked_videos/wrist/episode_000201_frame_000004_red_point_from_here.mp4,2026-06-22T02:46:39.242641+00:00
episode_000202,202,/home/yan/myProjects/GenMem/annotation/observation.images.top/episode_000202.mp4,/home/yan/myProjects/GenMem/annotation/observation.images.wrist/episode_000202.mp4,8,0.8,73,79,53,58,T-shaped,"Observe the shapes shown, wait, then touch the object which is T-shaped.",/home/yan/myProjects/GenMem/annotation/shape_prompt_annotations/raw_frames/top/episode_000202_frame_000008.png,/home/yan/myProjects/GenMem/annotation/shape_prompt_annotations/marked_frames/top/episode_000202_frame_000008_red_point.png,/home/yan/myProjects/GenMem/annotation/shape_prompt_annotations/marked_videos/top/episode_000202_frame_000008_red_point_from_here.mp4,/home/yan/myProjects/GenMem/annotation/shape_prompt_annotations/raw_frames/wrist/episode_000202_frame_000008.png,/home/yan/myProjects/GenMem/annotation/shape_prompt_annotations/marked_frames/wrist/episode_000202_frame_000008_red_point.png,/home/yan/myProjects/GenMem/annotation/shape_prompt_annotations/marked_videos/wrist/episode_000202_frame_000008_red_point_from_here.mp4,2026-06-22T02:46:52.001786+00:00
episode_000203,203,/home/yan/myProjects/GenMem/annotation/observation.images.top/episode_000203.mp4,/home/yan/myProjects/GenMem/annotation/observation.images.wrist/episode_000203.mp4,8,0.8,48,74,99,56,square,"Observe the shapes shown, wait, then touch the object which is square.",/home/yan/myProjects/GenMem/annotation/shape_prompt_annotations/raw_frames/top/episode_000203_frame_000008.png,/home/yan/myProjects/GenMem/annotation/shape_prompt_annotations/marked_frames/top/episode_000203_frame_000008_red_point.png,/home/yan/myProjects/GenMem/annotation/shape_prompt_annotations/marked_videos/top/episode_000203_frame_000008_red_point_from_here.mp4,/home/yan/myProjects/GenMem/annotation/shape_prompt_annotations/raw_frames/wrist/episode_000203_frame_000008.png,/home/yan/myProjects/GenMem/annotation/shape_prompt_annotations/marked_frames/wrist/episode_000203_frame_000008_red_point.png,/home/yan/myProjects/GenMem/annotation/shape_prompt_annotations/marked_videos/wrist/episode_000203_frame_000008_red_point_from_here.mp4,2026-06-22T02:47:03.630466+00:00
episode_000204,204,/home/yan/myProjects/GenMem/annotation/observation.images.top/episode_000204.mp4,/home/yan/myProjects/GenMem/annotation/observation.images.wrist/episode_000204.mp4,3,0.3,51,77,87,60,U-shaped,"Observe the shapes shown, wait, then touch the object which is U-shaped.",/home/yan/myProjects/GenMem/annotation/shape_prompt_annotations/raw_frames/top/episode_000204_frame_000003.png,/home/yan/myProjects/GenMem/annotation/shape_prompt_annotations/marked_frames/top/episode_000204_frame_000003_red_point.png,/home/yan/myProjects/GenMem/annotation/shape_prompt_annotations/marked_videos/top/episode_000204_frame_000003_red_point_from_here.mp4,/home/yan/myProjects/GenMem/annotation/shape_prompt_annotations/raw_frames/wrist/episode_000204_frame_000003.png,/home/yan/myProjects/GenMem/annotation/shape_prompt_annotations/marked_frames/wrist/episode_000204_frame_000003_red_point.png,/home/yan/myProjects/GenMem/annotation/shape_prompt_annotations/marked_videos/wrist/episode_000204_frame_000003_red_point_from_here.mp4,2026-06-22T02:47:12.483127+00:00
episode_000205,205,/home/yan/myProjects/GenMem/annotation/observation.images.top/episode_000205.mp4,/home/yan/myProjects/GenMem/annotation/observation.images.wrist/episode_000205.mp4,5,0.5,53,62,92,97,T-shaped,"Observe the shapes shown, wait, then touch the object which is T-shaped.",/home/yan/myProjects/GenMem/annotation/shape_prompt_annotations/raw_frames/top/episode_000205_frame_000005.png,/home/yan/myProjects/GenMem/annotation/shape_prompt_annotations/marked_frames/top/episode_000205_frame_000005_red_point.png,/home/yan/myProjects/GenMem/annotation/shape_prompt_annotations/marked_videos/top/episode_000205_frame_000005_red_point_from_here.mp4,/home/yan/myProjects/GenMem/annotation/shape_prompt_annotations/raw_frames/wrist/episode_000205_frame_000005.png,/home/yan/myProjects/GenMem/annotation/shape_prompt_annotations/marked_frames/wrist/episode_000205_frame_000005_red_point.png,/home/yan/myProjects/GenMem/annotation/shape_prompt_annotations/marked_videos/wrist/episode_000205_frame_000005_red_point_from_here.mp4,2026-06-22T02:47:23.649165+00:00
episode_000206,206,/home/yan/myProjects/GenMem/annotation/observation.images.top/episode_000206.mp4,/home/yan/myProjects/GenMem/annotation/observation.images.wrist/episode_000206.mp4,2,0.2,52,72,87,68,ball-shaped,"Observe the shapes shown, wait, then touch the object which is ball-shaped.",/home/yan/myProjects/GenMem/annotation/shape_prompt_annotations/raw_frames/top/episode_000206_frame_000002.png,/home/yan/myProjects/GenMem/annotation/shape_prompt_annotations/marked_frames/top/episode_000206_frame_000002_red_point.png,/home/yan/myProjects/GenMem/annotation/shape_prompt_annotations/marked_videos/top/episode_000206_frame_000002_red_point_from_here.mp4,/home/yan/myProjects/GenMem/annotation/shape_prompt_annotations/raw_frames/wrist/episode_000206_frame_000002.png,/home/yan/myProjects/GenMem/annotation/shape_prompt_annotations/marked_frames/wrist/episode_000206_frame_000002_red_point.png,/home/yan/myProjects/GenMem/annotation/shape_prompt_annotations/marked_videos/wrist/episode_000206_frame_000002_red_point_from_here.mp4,2026-06-22T02:47:34.114687+00:00
episode_000207,207,/home/yan/myProjects/GenMem/annotation/observation.images.top/episode_000207.mp4,/home/yan/myProjects/GenMem/annotation/observation.images.wrist/episode_000207.mp4,8,0.8,81,61,41,96,ball-shaped,"Observe the shapes shown, wait, then touch the object which is ball-shaped.",/home/yan/myProjects/GenMem/annotation/shape_prompt_annotations/raw_frames/top/episode_000207_frame_000008.png,/home/yan/myProjects/GenMem/annotation/shape_prompt_annotations/marked_frames/top/episode_000207_frame_000008_red_point.png,/home/yan/myProjects/GenMem/annotation/shape_prompt_annotations/marked_videos/top/episode_000207_frame_000008_red_point_from_here.mp4,/home/yan/myProjects/GenMem/annotation/shape_prompt_annotations/raw_frames/wrist/episode_000207_frame_000008.png,/home/yan/myProjects/GenMem/annotation/shape_prompt_annotations/marked_frames/wrist/episode_000207_frame_000008_red_point.png,/home/yan/myProjects/GenMem/annotation/shape_prompt_annotations/marked_videos/wrist/episode_000207_frame_000008_red_point_from_here.mp4,2026-06-22T02:47:52.149923+00:00
episode_000208,208,/home/yan/myProjects/GenMem/annotation/observation.images.top/episode_000208.mp4,/home/yan/myProjects/GenMem/annotation/observation.images.wrist/episode_000208.mp4,2,0.2,58,79,79,54,plus-shaped,"Observe the shapes shown, wait, then touch the object which is plus-shaped.",/home/yan/myProjects/GenMem/annotation/shape_prompt_annotations/raw_frames/top/episode_000208_frame_000002.png,/home/yan/myProjects/GenMem/annotation/shape_prompt_annotations/marked_frames/top/episode_000208_frame_000002_red_point.png,/home/yan/myProjects/GenMem/annotation/shape_prompt_annotations/marked_videos/top/episode_000208_frame_000002_red_point_from_here.mp4,/home/yan/myProjects/GenMem/annotation/shape_prompt_annotations/raw_frames/wrist/episode_000208_frame_000002.png,/home/yan/myProjects/GenMem/annotation/shape_prompt_annotations/marked_frames/wrist/episode_000208_frame_000002_red_point.png,/home/yan/myProjects/GenMem/annotation/shape_prompt_annotations/marked_videos/wrist/episode_000208_frame_000002_red_point_from_here.mp4,2026-06-22T02:48:00.681276+00:00
episode_000209,209,/home/yan/myProjects/GenMem/annotation/observation.images.top/episode_000209.mp4,/home/yan/myProjects/GenMem/annotation/observation.images.wrist/episode_000209.mp4,10,1.0,64,81,72,54,square,"Observe the shapes shown, wait, then touch the object which is square.",/home/yan/myProjects/GenMem/annotation/shape_prompt_annotations/raw_frames/top/episode_000209_frame_000010.png,/home/yan/myProjects/GenMem/annotation/shape_prompt_annotations/marked_frames/top/episode_000209_frame_000010_red_point.png,/home/yan/myProjects/GenMem/annotation/shape_prompt_annotations/marked_videos/top/episode_000209_frame_000010_red_point_from_here.mp4,/home/yan/myProjects/GenMem/annotation/shape_prompt_annotations/raw_frames/wrist/episode_000209_frame_000010.png,/home/yan/myProjects/GenMem/annotation/shape_prompt_annotations/marked_frames/wrist/episode_000209_frame_000010_red_point.png,/home/yan/myProjects/GenMem/annotation/shape_prompt_annotations/marked_videos/wrist/episode_000209_frame_000010_red_point_from_here.mp4,2026-06-22T02:48:09.113616+00:00
episode_000210,210,/home/yan/myProjects/GenMem/annotation/observation.images.top/episode_000210.mp4,/home/yan/myProjects/GenMem/annotation/observation.images.wrist/episode_000210.mp4,7,0.7,52,75,93,64,ball-shaped,"Observe the shapes shown, wait, then touch the object which is ball-shaped.",/home/yan/myProjects/GenMem/annotation/shape_prompt_annotations/raw_frames/top/episode_000210_frame_000007.png,/home/yan/myProjects/GenMem/annotation/shape_prompt_annotations/marked_frames/top/episode_000210_frame_000007_red_point.png,/home/yan/myProjects/GenMem/annotation/shape_prompt_annotations/marked_videos/top/episode_000210_frame_000007_red_point_from_here.mp4,/home/yan/myProjects/GenMem/annotation/shape_prompt_annotations/raw_frames/wrist/episode_000210_frame_000007.png,/home/yan/myProjects/GenMem/annotation/shape_prompt_annotations/marked_frames/wrist/episode_000210_frame_000007_red_point.png,/home/yan/myProjects/GenMem/annotation/shape_prompt_annotations/marked_videos/wrist/episode_000210_frame_000007_red_point_from_here.mp4,2026-06-22T02:48:23.378134+00:00
episode_000211,211,/home/yan/myProjects/GenMem/annotation/observation.images.top/episode_000211.mp4,/home/yan/myProjects/GenMem/annotation/observation.images.wrist/episode_000211.mp4,6,0.6,81,69,41,80,smaller square-like,"Observe the shapes shown, wait, then touch the object which is smaller square-like.",/home/yan/myProjects/GenMem/annotation/shape_prompt_annotations/raw_frames/top/episode_000211_frame_000006.png,/home/yan/myProjects/GenMem/annotation/shape_prompt_annotations/marked_frames/top/episode_000211_frame_000006_red_point.png,/home/yan/myProjects/GenMem/annotation/shape_prompt_annotations/marked_videos/top/episode_000211_frame_000006_red_point_from_here.mp4,/home/yan/myProjects/GenMem/annotation/shape_prompt_annotations/raw_frames/wrist/episode_000211_frame_000006.png,/home/yan/myProjects/GenMem/annotation/shape_prompt_annotations/marked_frames/wrist/episode_000211_frame_000006_red_point.png,/home/yan/myProjects/GenMem/annotation/shape_prompt_annotations/marked_videos/wrist/episode_000211_frame_000006_red_point_from_here.mp4,2026-06-22T02:48:30.240759+00:00
episode_000212,212,/home/yan/myProjects/GenMem/annotation/observation.images.top/episode_000212.mp4,/home/yan/myProjects/GenMem/annotation/observation.images.wrist/episode_000212.mp4,2,0.2,77,74,40,56,U-shaped,"Observe the shapes shown, wait, then touch the object which is U-shaped.",/home/yan/myProjects/GenMem/annotation/shape_prompt_annotations/raw_frames/top/episode_000212_frame_000002.png,/home/yan/myProjects/GenMem/annotation/shape_prompt_annotations/marked_frames/top/episode_000212_frame_000002_red_point.png,/home/yan/myProjects/GenMem/annotation/shape_prompt_annotations/marked_videos/top/episode_000212_frame_000002_red_point_from_here.mp4,/home/yan/myProjects/GenMem/annotation/shape_prompt_annotations/raw_frames/wrist/episode_000212_frame_000002.png,/home/yan/myProjects/GenMem/annotation/shape_prompt_annotations/marked_frames/wrist/episode_000212_frame_000002_red_point.png,/home/yan/myProjects/GenMem/annotation/shape_prompt_annotations/marked_videos/wrist/episode_000212_frame_000002_red_point_from_here.mp4,2026-06-22T02:48:40.958386+00:00
episode_000213,213,/home/yan/myProjects/GenMem/annotation/observation.images.top/episode_000213.mp4,/home/yan/myProjects/GenMem/annotation/observation.images.wrist/episode_000213.mp4,6,0.6,81,68,36,80,square,"Observe the shapes shown, wait, then touch the object which is square.",/home/yan/myProjects/GenMem/annotation/shape_prompt_annotations/raw_frames/top/episode_000213_frame_000006.png,/home/yan/myProjects/GenMem/annotation/shape_prompt_annotations/marked_frames/top/episode_000213_frame_000006_red_point.png,/home/yan/myProjects/GenMem/annotation/shape_prompt_annotations/marked_videos/top/episode_000213_frame_000006_red_point_from_here.mp4,/home/yan/myProjects/GenMem/annotation/shape_prompt_annotations/raw_frames/wrist/episode_000213_frame_000006.png,/home/yan/myProjects/GenMem/annotation/shape_prompt_annotations/marked_frames/wrist/episode_000213_frame_000006_red_point.png,/home/yan/myProjects/GenMem/annotation/shape_prompt_annotations/marked_videos/wrist/episode_000213_frame_000006_red_point_from_here.mp4,2026-06-22T02:48:52.634898+00:00
episode_000214,214,/home/yan/myProjects/GenMem/annotation/observation.images.top/episode_000214.mp4,/home/yan/myProjects/GenMem/annotation/observation.images.wrist/episode_000214.mp4,6,0.6,49,75,92,70,plus-shaped,"Observe the shapes shown, wait, then touch the object which is plus-shaped.",/home/yan/myProjects/GenMem/annotation/shape_prompt_annotations/raw_frames/top/episode_000214_frame_000006.png,/home/yan/myProjects/GenMem/annotation/shape_prompt_annotations/marked_frames/top/episode_000214_frame_000006_red_point.png,/home/yan/myProjects/GenMem/annotation/shape_prompt_annotations/marked_videos/top/episode_000214_frame_000006_red_point_from_here.mp4,/home/yan/myProjects/GenMem/annotation/shape_prompt_annotations/raw_frames/wrist/episode_000214_frame_000006.png,/home/yan/myProjects/GenMem/annotation/shape_prompt_annotations/marked_frames/wrist/episode_000214_frame_000006_red_point.png,/home/yan/myProjects/GenMem/annotation/shape_prompt_annotations/marked_videos/wrist/episode_000214_frame_000006_red_point_from_here.mp4,2026-06-22T02:49:02.701915+00:00
episode_000215,215,/home/yan/myProjects/GenMem/annotation/observation.images.top/episode_000215.mp4,/home/yan/myProjects/GenMem/annotation/observation.images.wrist/episode_000215.mp4,3,0.3,47,68,109,78,cylinder,"Observe the shapes shown, wait, then touch the object which is cylinder.",/home/yan/myProjects/GenMem/annotation/shape_prompt_annotations/raw_frames/top/episode_000215_frame_000003.png,/home/yan/myProjects/GenMem/annotation/shape_prompt_annotations/marked_frames/top/episode_000215_frame_000003_red_point.png,/home/yan/myProjects/GenMem/annotation/shape_prompt_annotations/marked_videos/top/episode_000215_frame_000003_red_point_from_here.mp4,/home/yan/myProjects/GenMem/annotation/shape_prompt_annotations/raw_frames/wrist/episode_000215_frame_000003.png,/home/yan/myProjects/GenMem/annotation/shape_prompt_annotations/marked_frames/wrist/episode_000215_frame_000003_red_point.png,/home/yan/myProjects/GenMem/annotation/shape_prompt_annotations/marked_videos/wrist/episode_000215_frame_000003_red_point_from_here.mp4,2026-06-22T02:49:28.900989+00:00
episode_000216,216,/home/yan/myProjects/GenMem/annotation/observation.images.top/episode_000216.mp4,/home/yan/myProjects/GenMem/annotation/observation.images.wrist/episode_000216.mp4,5,0.5,49,61,94,97,smaller square-like,"Observe the shapes shown, wait, then touch the object which is smaller square-like.",/home/yan/myProjects/GenMem/annotation/shape_prompt_annotations/raw_frames/top/episode_000216_frame_000005.png,/home/yan/myProjects/GenMem/annotation/shape_prompt_annotations/marked_frames/top/episode_000216_frame_000005_red_point.png,/home/yan/myProjects/GenMem/annotation/shape_prompt_annotations/marked_videos/top/episode_000216_frame_000005_red_point_from_here.mp4,/home/yan/myProjects/GenMem/annotation/shape_prompt_annotations/raw_frames/wrist/episode_000216_frame_000005.png,/home/yan/myProjects/GenMem/annotation/shape_prompt_annotations/marked_frames/wrist/episode_000216_frame_000005_red_point.png,/home/yan/myProjects/GenMem/annotation/shape_prompt_annotations/marked_videos/wrist/episode_000216_frame_000005_red_point_from_here.mp4,2026-06-22T02:49:39.711658+00:00
episode_000217,217,/home/yan/myProjects/GenMem/annotation/observation.images.top/episode_000217.mp4,/home/yan/myProjects/GenMem/annotation/observation.images.wrist/episode_000217.mp4,6,0.6,77,74,38,58,star-shaped,"Observe the shapes shown, wait, then touch the object which is star-shaped.",/home/yan/myProjects/GenMem/annotation/shape_prompt_annotations/raw_frames/top/episode_000217_frame_000006.png,/home/yan/myProjects/GenMem/annotation/shape_prompt_annotations/marked_frames/top/episode_000217_frame_000006_red_point.png,/home/yan/myProjects/GenMem/annotation/shape_prompt_annotations/marked_videos/top/episode_000217_frame_000006_red_point_from_here.mp4,/home/yan/myProjects/GenMem/annotation/shape_prompt_annotations/raw_frames/wrist/episode_000217_frame_000006.png,/home/yan/myProjects/GenMem/annotation/shape_prompt_annotations/marked_frames/wrist/episode_000217_frame_000006_red_point.png,/home/yan/myProjects/GenMem/annotation/shape_prompt_annotations/marked_videos/wrist/episode_000217_frame_000006_red_point_from_here.mp4,2026-06-22T02:49:46.582244+00:00
episode_000218,218,/home/yan/myProjects/GenMem/annotation/observation.images.top/episode_000218.mp4,/home/yan/myProjects/GenMem/annotation/observation.images.wrist/episode_000218.mp4,5,0.5,50,76,93,65,U-shaped,"Observe the shapes shown, wait, then touch the object which is U-shaped.",/home/yan/myProjects/GenMem/annotation/shape_prompt_annotations/raw_frames/top/episode_000218_frame_000005.png,/home/yan/myProjects/GenMem/annotation/shape_prompt_annotations/marked_frames/top/episode_000218_frame_000005_red_point.png,/home/yan/myProjects/GenMem/annotation/shape_prompt_annotations/marked_videos/top/episode_000218_frame_000005_red_point_from_here.mp4,/home/yan/myProjects/GenMem/annotation/shape_prompt_annotations/raw_frames/wrist/episode_000218_frame_000005.png,/home/yan/myProjects/GenMem/annotation/shape_prompt_annotations/marked_frames/wrist/episode_000218_frame_000005_red_point.png,/home/yan/myProjects/GenMem/annotation/shape_prompt_annotations/marked_videos/wrist/episode_000218_frame_000005_red_point_from_here.mp4,2026-06-22T02:49:55.635987+00:00
episode_000219,219,/home/yan/myProjects/GenMem/annotation/observation.images.top/episode_000219.mp4,/home/yan/myProjects/GenMem/annotation/observation.images.wrist/episode_000219.mp4,4,0.4,74,80,56,52,star-shaped,"Observe the shapes shown, wait, then touch the object which is star-shaped.",/home/yan/myProjects/GenMem/annotation/shape_prompt_annotations/raw_frames/top/episode_000219_frame_000004.png,/home/yan/myProjects/GenMem/annotation/shape_prompt_annotations/marked_frames/top/episode_000219_frame_000004_red_point.png,/home/yan/myProjects/GenMem/annotation/shape_prompt_annotations/marked_videos/top/episode_000219_frame_000004_red_point_from_here.mp4,/home/yan/myProjects/GenMem/annotation/shape_prompt_annotations/raw_frames/wrist/episode_000219_frame_000004.png,/home/yan/myProjects/GenMem/annotation/shape_prompt_annotations/marked_frames/wrist/episode_000219_frame_000004_red_point.png,/home/yan/myProjects/GenMem/annotation/shape_prompt_annotations/marked_videos/wrist/episode_000219_frame_000004_red_point_from_here.mp4,2026-06-22T02:50:04.480662+00:00
episode_000220,220,/home/yan/myProjects/GenMem/annotation/observation.images.top/episode_000220.mp4,/home/yan/myProjects/GenMem/annotation/observation.images.wrist/episode_000220.mp4,8,0.8,72,77,50,52,plus-shaped,"Observe the shapes shown, wait, then touch the object which is plus-shaped.",/home/yan/myProjects/GenMem/annotation/shape_prompt_annotations/raw_frames/top/episode_000220_frame_000008.png,/home/yan/myProjects/GenMem/annotation/shape_prompt_annotations/marked_frames/top/episode_000220_frame_000008_red_point.png,/home/yan/myProjects/GenMem/annotation/shape_prompt_annotations/marked_videos/top/episode_000220_frame_000008_red_point_from_here.mp4,/home/yan/myProjects/GenMem/annotation/shape_prompt_annotations/raw_frames/wrist/episode_000220_frame_000008.png,/home/yan/myProjects/GenMem/annotation/shape_prompt_annotations/marked_frames/wrist/episode_000220_frame_000008_red_point.png,/home/yan/myProjects/GenMem/annotation/shape_prompt_annotations/marked_videos/wrist/episode_000220_frame_000008_red_point_from_here.mp4,2026-06-22T02:50:13.820968+00:00
episode_000221,221,/home/yan/myProjects/GenMem/annotation/observation.images.top/episode_000221.mp4,/home/yan/myProjects/GenMem/annotation/observation.images.wrist/episode_000221.mp4,8,0.8,58,81,77,56,T-shaped,"Observe the shapes shown, wait, then touch the object which is T-shaped.",/home/yan/myProjects/GenMem/annotation/shape_prompt_annotations/raw_frames/top/episode_000221_frame_000008.png,/home/yan/myProjects/GenMem/annotation/shape_prompt_annotations/marked_frames/top/episode_000221_frame_000008_red_point.png,/home/yan/myProjects/GenMem/annotation/shape_prompt_annotations/marked_videos/top/episode_000221_frame_000008_red_point_from_here.mp4,/home/yan/myProjects/GenMem/annotation/shape_prompt_annotations/raw_frames/wrist/episode_000221_frame_000008.png,/home/yan/myProjects/GenMem/annotation/shape_prompt_annotations/marked_frames/wrist/episode_000221_frame_000008_red_point.png,/home/yan/myProjects/GenMem/annotation/shape_prompt_annotations/marked_videos/wrist/episode_000221_frame_000008_red_point_from_here.mp4,2026-06-22T02:50:22.552919+00:00
episode_000222,222,/home/yan/myProjects/GenMem/annotation/observation.images.top/episode_000222.mp4,/home/yan/myProjects/GenMem/annotation/observation.images.wrist/episode_000222.mp4,10,1.0,46,62,103,93,cylinder,"Observe the shapes shown, wait, then touch the object which is cylinder.",/home/yan/myProjects/GenMem/annotation/shape_prompt_annotations/raw_frames/top/episode_000222_frame_000010.png,/home/yan/myProjects/GenMem/annotation/shape_prompt_annotations/marked_frames/top/episode_000222_frame_000010_red_point.png,/home/yan/myProjects/GenMem/annotation/shape_prompt_annotations/marked_videos/top/episode_000222_frame_000010_red_point_from_here.mp4,/home/yan/myProjects/GenMem/annotation/shape_prompt_annotations/raw_frames/wrist/episode_000222_frame_000010.png,/home/yan/myProjects/GenMem/annotation/shape_prompt_annotations/marked_frames/wrist/episode_000222_frame_000010_red_point.png,/home/yan/myProjects/GenMem/annotation/shape_prompt_annotations/marked_videos/wrist/episode_000222_frame_000010_red_point_from_here.mp4,2026-06-22T02:50:31.822677+00:00
episode_000223,223,/home/yan/myProjects/GenMem/annotation/observation.images.top/episode_000223.mp4,/home/yan/myProjects/GenMem/annotation/observation.images.wrist/episode_000223.mp4,10,1.0,72,81,50,47,smaller square-like,"Observe the shapes shown, wait, then touch the object which is smaller square-like.",/home/yan/myProjects/GenMem/annotation/shape_prompt_annotations/raw_frames/top/episode_000223_frame_000010.png,/home/yan/myProjects/GenMem/annotation/shape_prompt_annotations/marked_frames/top/episode_000223_frame_000010_red_point.png,/home/yan/myProjects/GenMem/annotation/shape_prompt_annotations/marked_videos/top/episode_000223_frame_000010_red_point_from_here.mp4,/home/yan/myProjects/GenMem/annotation/shape_prompt_annotations/raw_frames/wrist/episode_000223_frame_000010.png,/home/yan/myProjects/GenMem/annotation/shape_prompt_annotations/marked_frames/wrist/episode_000223_frame_000010_red_point.png,/home/yan/myProjects/GenMem/annotation/shape_prompt_annotations/marked_videos/wrist/episode_000223_frame_000010_red_point_from_here.mp4,2026-06-22T02:50:44.045214+00:00
episode_000224,224,/home/yan/myProjects/GenMem/annotation/observation.images.top/episode_000224.mp4,/home/yan/myProjects/GenMem/annotation/observation.images.wrist/episode_000224.mp4,6,0.6,50,74,98,67,smaller square-like,"Observe the shapes shown, wait, then touch the object which is smaller square-like.",/home/yan/myProjects/GenMem/annotation/shape_prompt_annotations/raw_frames/top/episode_000224_frame_000006.png,/home/yan/myProjects/GenMem/annotation/shape_prompt_annotations/marked_frames/top/episode_000224_frame_000006_red_point.png,/home/yan/myProjects/GenMem/annotation/shape_prompt_annotations/marked_videos/top/episode_000224_frame_000006_red_point_from_here.mp4,/home/yan/myProjects/GenMem/annotation/shape_prompt_annotations/raw_frames/wrist/episode_000224_frame_000006.png,/home/yan/myProjects/GenMem/annotation/shape_prompt_annotations/marked_frames/wrist/episode_000224_frame_000006_red_point.png,/home/yan/myProjects/GenMem/annotation/shape_prompt_annotations/marked_videos/wrist/episode_000224_frame_000006_red_point_from_here.mp4,2026-06-22T02:50:54.231175+00:00
episode_000225,225,/home/yan/myProjects/GenMem/annotation/observation.images.top/episode_000225.mp4,/home/yan/myProjects/GenMem/annotation/observation.images.wrist/episode_000225.mp4,3,0.3,45,62,105,94,star-shaped,"Observe the shapes shown, wait, then touch the object which is star-shaped.",/home/yan/myProjects/GenMem/annotation/shape_prompt_annotations/raw_frames/top/episode_000225_frame_000003.png,/home/yan/myProjects/GenMem/annotation/shape_prompt_annotations/marked_frames/top/episode_000225_frame_000003_red_point.png,/home/yan/myProjects/GenMem/annotation/shape_prompt_annotations/marked_videos/top/episode_000225_frame_000003_red_point_from_here.mp4,/home/yan/myProjects/GenMem/annotation/shape_prompt_annotations/raw_frames/wrist/episode_000225_frame_000003.png,/home/yan/myProjects/GenMem/annotation/shape_prompt_annotations/marked_frames/wrist/episode_000225_frame_000003_red_point.png,/home/yan/myProjects/GenMem/annotation/shape_prompt_annotations/marked_videos/wrist/episode_000225_frame_000003_red_point_from_here.mp4,2026-06-22T02:51:05.153074+00:00
episode_000226,226,/home/yan/myProjects/GenMem/annotation/observation.images.top/episode_000226.mp4,/home/yan/myProjects/GenMem/annotation/observation.images.wrist/episode_000226.mp4,6,0.6,81,61,34,100,U-shaped,"Observe the shapes shown, wait, then touch the object which is U-shaped.",/home/yan/myProjects/GenMem/annotation/shape_prompt_annotations/raw_frames/top/episode_000226_frame_000006.png,/home/yan/myProjects/GenMem/annotation/shape_prompt_annotations/marked_frames/top/episode_000226_frame_000006_red_point.png,/home/yan/myProjects/GenMem/annotation/shape_prompt_annotations/marked_videos/top/episode_000226_frame_000006_red_point_from_here.mp4,/home/yan/myProjects/GenMem/annotation/shape_prompt_annotations/raw_frames/wrist/episode_000226_frame_000006.png,/home/yan/myProjects/GenMem/annotation/shape_prompt_annotations/marked_frames/wrist/episode_000226_frame_000006_red_point.png,/home/yan/myProjects/GenMem/annotation/shape_prompt_annotations/marked_videos/wrist/episode_000226_frame_000006_red_point_from_here.mp4,2026-06-22T02:51:18.773211+00:00
episode_000227,227,/home/yan/myProjects/GenMem/annotation/observation.images.top/episode_000227.mp4,/home/yan/myProjects/GenMem/annotation/observation.images.wrist/episode_000227.mp4,5,0.5,64,83,72,51,ring-shaped,"Observe the shapes shown, wait, then touch the object which is ring-shaped.",/home/yan/myProjects/GenMem/annotation/shape_prompt_annotations/raw_frames/top/episode_000227_frame_000005.png,/home/yan/myProjects/GenMem/annotation/shape_prompt_annotations/marked_frames/top/episode_000227_frame_000005_red_point.png,/home/yan/myProjects/GenMem/annotation/shape_prompt_annotations/marked_videos/top/episode_000227_frame_000005_red_point_from_here.mp4,/home/yan/myProjects/GenMem/annotation/shape_prompt_annotations/raw_frames/wrist/episode_000227_frame_000005.png,/home/yan/myProjects/GenMem/annotation/shape_prompt_annotations/marked_frames/wrist/episode_000227_frame_000005_red_point.png,/home/yan/myProjects/GenMem/annotation/shape_prompt_annotations/marked_videos/wrist/episode_000227_frame_000005_red_point_from_here.mp4,2026-06-22T02:51:29.318061+00:00
episode_000228,228,/home/yan/myProjects/GenMem/annotation/observation.images.top/episode_000228.mp4,/home/yan/myProjects/GenMem/annotation/observation.images.wrist/episode_000228.mp4,8,0.8,81,62,31,89,T-shaped,"Observe the shapes shown, wait, then touch the object which is T-shaped.",/home/yan/myProjects/GenMem/annotation/shape_prompt_annotations/raw_frames/top/episode_000228_frame_000008.png,/home/yan/myProjects/GenMem/annotation/shape_prompt_annotations/marked_frames/top/episode_000228_frame_000008_red_point.png,/home/yan/myProjects/GenMem/annotation/shape_prompt_annotations/marked_videos/top/episode_000228_frame_000008_red_point_from_here.mp4,/home/yan/myProjects/GenMem/annotation/shape_prompt_annotations/raw_frames/wrist/episode_000228_frame_000008.png,/home/yan/myProjects/GenMem/annotation/shape_prompt_annotations/marked_frames/wrist/episode_000228_frame_000008_red_point.png,/home/yan/myProjects/GenMem/annotation/shape_prompt_annotations/marked_videos/wrist/episode_000228_frame_000008_red_point_from_here.mp4,2026-06-22T02:51:39.079994+00:00
episode_000229,229,/home/yan/myProjects/GenMem/annotation/observation.images.top/episode_000229.mp4,/home/yan/myProjects/GenMem/annotation/observation.images.wrist/episode_000229.mp4,4,0.4,82,60,31,98,T-shaped,"Observe the shapes shown, wait, then touch the object which is T-shaped.",/home/yan/myProjects/GenMem/annotation/shape_prompt_annotations/raw_frames/top/episode_000229_frame_000004.png,/home/yan/myProjects/GenMem/annotation/shape_prompt_annotations/marked_frames/top/episode_000229_frame_000004_red_point.png,/home/yan/myProjects/GenMem/annotation/shape_prompt_annotations/marked_videos/top/episode_000229_frame_000004_red_point_from_here.mp4,/home/yan/myProjects/GenMem/annotation/shape_prompt_annotations/raw_frames/wrist/episode_000229_frame_000004.png,/home/yan/myProjects/GenMem/annotation/shape_prompt_annotations/marked_frames/wrist/episode_000229_frame_000004_red_point.png,/home/yan/myProjects/GenMem/annotation/shape_prompt_annotations/marked_videos/wrist/episode_000229_frame_000004_red_point_from_here.mp4,2026-06-22T02:51:50.141917+00:00
episode_000230,230,/home/yan/myProjects/GenMem/annotation/observation.images.top/episode_000230.mp4,/home/yan/myProjects/GenMem/annotation/observation.images.wrist/episode_000230.mp4,8,0.8,80,60,30,98,square,"Observe the shapes shown, wait, then touch the object which is square.",/home/yan/myProjects/GenMem/annotation/shape_prompt_annotations/raw_frames/top/episode_000230_frame_000008.png,/home/yan/myProjects/GenMem/annotation/shape_prompt_annotations/marked_frames/top/episode_000230_frame_000008_red_point.png,/home/yan/myProjects/GenMem/annotation/shape_prompt_annotations/marked_videos/top/episode_000230_frame_000008_red_point_from_here.mp4,/home/yan/myProjects/GenMem/annotation/shape_prompt_annotations/raw_frames/wrist/episode_000230_frame_000008.png,/home/yan/myProjects/GenMem/annotation/shape_prompt_annotations/marked_frames/wrist/episode_000230_frame_000008_red_point.png,/home/yan/myProjects/GenMem/annotation/shape_prompt_annotations/marked_videos/wrist/episode_000230_frame_000008_red_point_from_here.mp4,2026-06-22T02:51:58.907301+00:00
episode_000231,231,/home/yan/myProjects/GenMem/annotation/observation.images.top/episode_000231.mp4,/home/yan/myProjects/GenMem/annotation/observation.images.wrist/episode_000231.mp4,6,0.6,49,76,97,61,star-shaped,"Observe the shapes shown, wait, then touch the object which is star-shaped.",/home/yan/myProjects/GenMem/annotation/shape_prompt_annotations/raw_frames/top/episode_000231_frame_000006.png,/home/yan/myProjects/GenMem/annotation/shape_prompt_annotations/marked_frames/top/episode_000231_frame_000006_red_point.png,/home/yan/myProjects/GenMem/annotation/shape_prompt_annotations/marked_videos/top/episode_000231_frame_000006_red_point_from_here.mp4,/home/yan/myProjects/GenMem/annotation/shape_prompt_annotations/raw_frames/wrist/episode_000231_frame_000006.png,/home/yan/myProjects/GenMem/annotation/shape_prompt_annotations/marked_frames/wrist/episode_000231_frame_000006_red_point.png,/home/yan/myProjects/GenMem/annotation/shape_prompt_annotations/marked_videos/wrist/episode_000231_frame_000006_red_point_from_here.mp4,2026-06-22T02:52:08.016036+00:00
episode_000232,232,/home/yan/myProjects/GenMem/annotation/observation.images.top/episode_000232.mp4,/home/yan/myProjects/GenMem/annotation/observation.images.wrist/episode_000232.mp4,5,0.5,57,78,82,58,square,"Observe the shapes shown, wait, then touch the object which is square.",/home/yan/myProjects/GenMem/annotation/shape_prompt_annotations/raw_frames/top/episode_000232_frame_000005.png,/home/yan/myProjects/GenMem/annotation/shape_prompt_annotations/marked_frames/top/episode_000232_frame_000005_red_point.png,/home/yan/myProjects/GenMem/annotation/shape_prompt_annotations/marked_videos/top/episode_000232_frame_000005_red_point_from_here.mp4,/home/yan/myProjects/GenMem/annotation/shape_prompt_annotations/raw_frames/wrist/episode_000232_frame_000005.png,/home/yan/myProjects/GenMem/annotation/shape_prompt_annotations/marked_frames/wrist/episode_000232_frame_000005_red_point.png,/home/yan/myProjects/GenMem/annotation/shape_prompt_annotations/marked_videos/wrist/episode_000232_frame_000005_red_point_from_here.mp4,2026-06-22T02:52:15.425919+00:00
episode_000233,233,/home/yan/myProjects/GenMem/annotation/observation.images.top/episode_000233.mp4,/home/yan/myProjects/GenMem/annotation/observation.images.wrist/episode_000233.mp4,7,0.7,45,69,106,74,cylinder,"Observe the shapes shown, wait, then touch the object which is cylinder.",/home/yan/myProjects/GenMem/annotation/shape_prompt_annotations/raw_frames/top/episode_000233_frame_000007.png,/home/yan/myProjects/GenMem/annotation/shape_prompt_annotations/marked_frames/top/episode_000233_frame_000007_red_point.png,/home/yan/myProjects/GenMem/annotation/shape_prompt_annotations/marked_videos/top/episode_000233_frame_000007_red_point_from_here.mp4,/home/yan/myProjects/GenMem/annotation/shape_prompt_annotations/raw_frames/wrist/episode_000233_frame_000007.png,/home/yan/myProjects/GenMem/annotation/shape_prompt_annotations/marked_frames/wrist/episode_000233_frame_000007_red_point.png,/home/yan/myProjects/GenMem/annotation/shape_prompt_annotations/marked_videos/wrist/episode_000233_frame_000007_red_point_from_here.mp4,2026-06-22T02:52:24.244344+00:00
episode_000234,234,/home/yan/myProjects/GenMem/annotation/observation.images.top/episode_000234.mp4,/home/yan/myProjects/GenMem/annotation/observation.images.wrist/episode_000234.mp4,6,0.6,83,63,35,91,ball-shaped,"Observe the shapes shown, wait, then touch the object which is ball-shaped.",/home/yan/myProjects/GenMem/annotation/shape_prompt_annotations/raw_frames/top/episode_000234_frame_000006.png,/home/yan/myProjects/GenMem/annotation/shape_prompt_annotations/marked_frames/top/episode_000234_frame_000006_red_point.png,/home/yan/myProjects/GenMem/annotation/shape_prompt_annotations/marked_videos/top/episode_000234_frame_000006_red_point_from_here.mp4,/home/yan/myProjects/GenMem/annotation/shape_prompt_annotations/raw_frames/wrist/episode_000234_frame_000006.png,/home/yan/myProjects/GenMem/annotation/shape_prompt_annotations/marked_frames/wrist/episode_000234_frame_000006_red_point.png,/home/yan/myProjects/GenMem/annotation/shape_prompt_annotations/marked_videos/wrist/episode_000234_frame_000006_red_point_from_here.mp4,2026-06-22T02:52:32.810105+00:00
episode_000235,235,/home/yan/myProjects/GenMem/annotation/observation.images.top/episode_000235.mp4,/home/yan/myProjects/GenMem/annotation/observation.images.wrist/episode_000235.mp4,5,0.5,77,74,38,58,ball-shaped,"Observe the shapes shown, wait, then touch the object which is ball-shaped.",/home/yan/myProjects/GenMem/annotation/shape_prompt_annotations/raw_frames/top/episode_000235_frame_000005.png,/home/yan/myProjects/GenMem/annotation/shape_prompt_annotations/marked_frames/top/episode_000235_frame_000005_red_point.png,/home/yan/myProjects/GenMem/annotation/shape_prompt_annotations/marked_videos/top/episode_000235_frame_000005_red_point_from_here.mp4,/home/yan/myProjects/GenMem/annotation/shape_prompt_annotations/raw_frames/wrist/episode_000235_frame_000005.png,/home/yan/myProjects/GenMem/annotation/shape_prompt_annotations/marked_frames/wrist/episode_000235_frame_000005_red_point.png,/home/yan/myProjects/GenMem/annotation/shape_prompt_annotations/marked_videos/wrist/episode_000235_frame_000005_red_point_from_here.mp4,2026-06-22T02:52:44.904463+00:00
episode_000236,236,/home/yan/myProjects/GenMem/annotation/observation.images.top/episode_000236.mp4,/home/yan/myProjects/GenMem/annotation/observation.images.wrist/episode_000236.mp4,8,0.8,49,76,95,60,ring-shaped,"Observe the shapes shown, wait, then touch the object which is ring-shaped.",/home/yan/myProjects/GenMem/annotation/shape_prompt_annotations/raw_frames/top/episode_000236_frame_000008.png,/home/yan/myProjects/GenMem/annotation/shape_prompt_annotations/marked_frames/top/episode_000236_frame_000008_red_point.png,/home/yan/myProjects/GenMem/annotation/shape_prompt_annotations/marked_videos/top/episode_000236_frame_000008_red_point_from_here.mp4,/home/yan/myProjects/GenMem/annotation/shape_prompt_annotations/raw_frames/wrist/episode_000236_frame_000008.png,/home/yan/myProjects/GenMem/annotation/shape_prompt_annotations/marked_frames/wrist/episode_000236_frame_000008_red_point.png,/home/yan/myProjects/GenMem/annotation/shape_prompt_annotations/marked_videos/wrist/episode_000236_frame_000008_red_point_from_here.mp4,2026-06-22T02:52:52.408794+00:00
episode_000237,237,/home/yan/myProjects/GenMem/annotation/observation.images.top/episode_000237.mp4,/home/yan/myProjects/GenMem/annotation/observation.images.wrist/episode_000237.mp4,5,0.5,66,80,60,52,U-shaped,"Observe the shapes shown, wait, then touch the object which is U-shaped.",/home/yan/myProjects/GenMem/annotation/shape_prompt_annotations/raw_frames/top/episode_000237_frame_000005.png,/home/yan/myProjects/GenMem/annotation/shape_prompt_annotations/marked_frames/top/episode_000237_frame_000005_red_point.png,/home/yan/myProjects/GenMem/annotation/shape_prompt_annotations/marked_videos/top/episode_000237_frame_000005_red_point_from_here.mp4,/home/yan/myProjects/GenMem/annotation/shape_prompt_annotations/raw_frames/wrist/episode_000237_frame_000005.png,/home/yan/myProjects/GenMem/annotation/shape_prompt_annotations/marked_frames/wrist/episode_000237_frame_000005_red_point.png,/home/yan/myProjects/GenMem/annotation/shape_prompt_annotations/marked_videos/wrist/episode_000237_frame_000005_red_point_from_here.mp4,2026-06-22T02:53:00.819782+00:00
episode_000238,238,/home/yan/myProjects/GenMem/annotation/observation.images.top/episode_000238.mp4,/home/yan/myProjects/GenMem/annotation/observation.images.wrist/episode_000238.mp4,6,0.6,64,82,70,58,smaller square-like,"Observe the shapes shown, wait, then touch the object which is smaller square-like.",/home/yan/myProjects/GenMem/annotation/shape_prompt_annotations/raw_frames/top/episode_000238_frame_000006.png,/home/yan/myProjects/GenMem/annotation/shape_prompt_annotations/marked_frames/top/episode_000238_frame_000006_red_point.png,/home/yan/myProjects/GenMem/annotation/shape_prompt_annotations/marked_videos/top/episode_000238_frame_000006_red_point_from_here.mp4,/home/yan/myProjects/GenMem/annotation/shape_prompt_annotations/raw_frames/wrist/episode_000238_frame_000006.png,/home/yan/myProjects/GenMem/annotation/shape_prompt_annotations/marked_frames/wrist/episode_000238_frame_000006_red_point.png,/home/yan/myProjects/GenMem/annotation/shape_prompt_annotations/marked_videos/wrist/episode_000238_frame_000006_red_point_from_here.mp4,2026-06-22T02:53:09.838761+00:00
episode_000239,239,/home/yan/myProjects/GenMem/annotation/observation.images.top/episode_000239.mp4,/home/yan/myProjects/GenMem/annotation/observation.images.wrist/episode_000239.mp4,7,0.7,85,69,35,76,T-shaped,"Observe the shapes shown, wait, then touch the object which is T-shaped.",/home/yan/myProjects/GenMem/annotation/shape_prompt_annotations/raw_frames/top/episode_000239_frame_000007.png,/home/yan/myProjects/GenMem/annotation/shape_prompt_annotations/marked_frames/top/episode_000239_frame_000007_red_point.png,/home/yan/myProjects/GenMem/annotation/shape_prompt_annotations/marked_videos/top/episode_000239_frame_000007_red_point_from_here.mp4,/home/yan/myProjects/GenMem/annotation/shape_prompt_annotations/raw_frames/wrist/episode_000239_frame_000007.png,/home/yan/myProjects/GenMem/annotation/shape_prompt_annotations/marked_frames/wrist/episode_000239_frame_000007_red_point.png,/home/yan/myProjects/GenMem/annotation/shape_prompt_annotations/marked_videos/wrist/episode_000239_frame_000007_red_point_from_here.mp4,2026-06-22T02:53:17.596255+00:00
episode_000240,240,/home/yan/myProjects/GenMem/annotation/observation.images.top/episode_000240.mp4,/home/yan/myProjects/GenMem/annotation/observation.images.wrist/episode_000240.mp4,8,0.8,64,81,66,44,ball-shaped,"Observe the shapes shown, wait, then touch the object which is ball-shaped.",/home/yan/myProjects/GenMem/annotation/shape_prompt_annotations/raw_frames/top/episode_000240_frame_000008.png,/home/yan/myProjects/GenMem/annotation/shape_prompt_annotations/marked_frames/top/episode_000240_frame_000008_red_point.png,/home/yan/myProjects/GenMem/annotation/shape_prompt_annotations/marked_videos/top/episode_000240_frame_000008_red_point_from_here.mp4,/home/yan/myProjects/GenMem/annotation/shape_prompt_annotations/raw_frames/wrist/episode_000240_frame_000008.png,/home/yan/myProjects/GenMem/annotation/shape_prompt_annotations/marked_frames/wrist/episode_000240_frame_000008_red_point.png,/home/yan/myProjects/GenMem/annotation/shape_prompt_annotations/marked_videos/wrist/episode_000240_frame_000008_red_point_from_here.mp4,2026-06-22T02:53:25.583464+00:00
episode_000241,241,/home/yan/myProjects/GenMem/annotation/observation.images.top/episode_000241.mp4,/home/yan/myProjects/GenMem/annotation/observation.images.wrist/episode_000241.mp4,6,0.6,81,68,37,83,plus-shaped,"Observe the shapes shown, wait, then touch the object which is plus-shaped.",/home/yan/myProjects/GenMem/annotation/shape_prompt_annotations/raw_frames/top/episode_000241_frame_000006.png,/home/yan/myProjects/GenMem/annotation/shape_prompt_annotations/marked_frames/top/episode_000241_frame_000006_red_point.png,/home/yan/myProjects/GenMem/annotation/shape_prompt_annotations/marked_videos/top/episode_000241_frame_000006_red_point_from_here.mp4,/home/yan/myProjects/GenMem/annotation/shape_prompt_annotations/raw_frames/wrist/episode_000241_frame_000006.png,/home/yan/myProjects/GenMem/annotation/shape_prompt_annotations/marked_frames/wrist/episode_000241_frame_000006_red_point.png,/home/yan/myProjects/GenMem/annotation/shape_prompt_annotations/marked_videos/wrist/episode_000241_frame_000006_red_point_from_here.mp4,2026-06-22T02:53:37.414241+00:00
episode_000242,242,/home/yan/myProjects/GenMem/annotation/observation.images.top/episode_000242.mp4,/home/yan/myProjects/GenMem/annotation/observation.images.wrist/episode_000242.mp4,4,0.4,78,76,41,66,ball-shaped,"Observe the shapes shown, wait, then touch the object which is ball-shaped.",/home/yan/myProjects/GenMem/annotation/shape_prompt_annotations/raw_frames/top/episode_000242_frame_000004.png,/home/yan/myProjects/GenMem/annotation/shape_prompt_annotations/marked_frames/top/episode_000242_frame_000004_red_point.png,/home/yan/myProjects/GenMem/annotation/shape_prompt_annotations/marked_videos/top/episode_000242_frame_000004_red_point_from_here.mp4,/home/yan/myProjects/GenMem/annotation/shape_prompt_annotations/raw_frames/wrist/episode_000242_frame_000004.png,/home/yan/myProjects/GenMem/annotation/shape_prompt_annotations/marked_frames/wrist/episode_000242_frame_000004_red_point.png,/home/yan/myProjects/GenMem/annotation/shape_prompt_annotations/marked_videos/wrist/episode_000242_frame_000004_red_point_from_here.mp4,2026-06-22T02:53:44.754808+00:00
episode_000243,243,/home/yan/myProjects/GenMem/annotation/observation.images.top/episode_000243.mp4,/home/yan/myProjects/GenMem/annotation/observation.images.wrist/episode_000243.mp4,8,0.8,56,78,81,54,U-shaped,"Observe the shapes shown, wait, then touch the object which is U-shaped.",/home/yan/myProjects/GenMem/annotation/shape_prompt_annotations/raw_frames/top/episode_000243_frame_000008.png,/home/yan/myProjects/GenMem/annotation/shape_prompt_annotations/marked_frames/top/episode_000243_frame_000008_red_point.png,/home/yan/myProjects/GenMem/annotation/shape_prompt_annotations/marked_videos/top/episode_000243_frame_000008_red_point_from_here.mp4,/home/yan/myProjects/GenMem/annotation/shape_prompt_annotations/raw_frames/wrist/episode_000243_frame_000008.png,/home/yan/myProjects/GenMem/annotation/shape_prompt_annotations/marked_frames/wrist/episode_000243_frame_000008_red_point.png,/home/yan/myProjects/GenMem/annotation/shape_prompt_annotations/marked_videos/wrist/episode_000243_frame_000008_red_point_from_here.mp4,2026-06-22T02:53:51.896382+00:00
episode_000244,244,/home/yan/myProjects/GenMem/annotation/observation.images.top/episode_000244.mp4,/home/yan/myProjects/GenMem/annotation/observation.images.wrist/episode_000244.mp4,4,0.4,47,67,99,73,star-shaped,"Observe the shapes shown, wait, then touch the object which is star-shaped.",/home/yan/myProjects/GenMem/annotation/shape_prompt_annotations/raw_frames/top/episode_000244_frame_000004.png,/home/yan/myProjects/GenMem/annotation/shape_prompt_annotations/marked_frames/top/episode_000244_frame_000004_red_point.png,/home/yan/myProjects/GenMem/annotation/shape_prompt_annotations/marked_videos/top/episode_000244_frame_000004_red_point_from_here.mp4,/home/yan/myProjects/GenMem/annotation/shape_prompt_annotations/raw_frames/wrist/episode_000244_frame_000004.png,/home/yan/myProjects/GenMem/annotation/shape_prompt_annotations/marked_frames/wrist/episode_000244_frame_000004_red_point.png,/home/yan/myProjects/GenMem/annotation/shape_prompt_annotations/marked_videos/wrist/episode_000244_frame_000004_red_point_from_here.mp4,2026-06-22T02:54:01.252584+00:00
episode_000245,245,/home/yan/myProjects/GenMem/annotation/observation.images.top/episode_000245.mp4,/home/yan/myProjects/GenMem/annotation/observation.images.wrist/episode_000245.mp4,7,0.7,50,73,91,60,ring-shaped,"Observe the shapes shown, wait, then touch the object which is ring-shaped.",/home/yan/myProjects/GenMem/annotation/shape_prompt_annotations/raw_frames/top/episode_000245_frame_000007.png,/home/yan/myProjects/GenMem/annotation/shape_prompt_annotations/marked_frames/top/episode_000245_frame_000007_red_point.png,/home/yan/myProjects/GenMem/annotation/shape_prompt_annotations/marked_videos/top/episode_000245_frame_000007_red_point_from_here.mp4,/home/yan/myProjects/GenMem/annotation/shape_prompt_annotations/raw_frames/wrist/episode_000245_frame_000007.png,/home/yan/myProjects/GenMem/annotation/shape_prompt_annotations/marked_frames/wrist/episode_000245_frame_000007_red_point.png,/home/yan/myProjects/GenMem/annotation/shape_prompt_annotations/marked_videos/wrist/episode_000245_frame_000007_red_point_from_here.mp4,2026-06-22T02:54:07.524231+00:00
episode_000246,246,/home/yan/myProjects/GenMem/annotation/observation.images.top/episode_000246.mp4,/home/yan/myProjects/GenMem/annotation/observation.images.wrist/episode_000246.mp4,6,0.6,81,68,28,78,square,"Observe the shapes shown, wait, then touch the object which is square.",/home/yan/myProjects/GenMem/annotation/shape_prompt_annotations/raw_frames/top/episode_000246_frame_000006.png,/home/yan/myProjects/GenMem/annotation/shape_prompt_annotations/marked_frames/top/episode_000246_frame_000006_red_point.png,/home/yan/myProjects/GenMem/annotation/shape_prompt_annotations/marked_videos/top/episode_000246_frame_000006_red_point_from_here.mp4,/home/yan/myProjects/GenMem/annotation/shape_prompt_annotations/raw_frames/wrist/episode_000246_frame_000006.png,/home/yan/myProjects/GenMem/annotation/shape_prompt_annotations/marked_frames/wrist/episode_000246_frame_000006_red_point.png,/home/yan/myProjects/GenMem/annotation/shape_prompt_annotations/marked_videos/wrist/episode_000246_frame_000006_red_point_from_here.mp4,2026-06-22T02:54:16.541508+00:00
episode_000247,247,/home/yan/myProjects/GenMem/annotation/observation.images.top/episode_000247.mp4,/home/yan/myProjects/GenMem/annotation/observation.images.wrist/episode_000247.mp4,6,0.6,49,76,95,59,plus-shaped,"Observe the shapes shown, wait, then touch the object which is plus-shaped.",/home/yan/myProjects/GenMem/annotation/shape_prompt_annotations/raw_frames/top/episode_000247_frame_000006.png,/home/yan/myProjects/GenMem/annotation/shape_prompt_annotations/marked_frames/top/episode_000247_frame_000006_red_point.png,/home/yan/myProjects/GenMem/annotation/shape_prompt_annotations/marked_videos/top/episode_000247_frame_000006_red_point_from_here.mp4,/home/yan/myProjects/GenMem/annotation/shape_prompt_annotations/raw_frames/wrist/episode_000247_frame_000006.png,/home/yan/myProjects/GenMem/annotation/shape_prompt_annotations/marked_frames/wrist/episode_000247_frame_000006_red_point.png,/home/yan/myProjects/GenMem/annotation/shape_prompt_annotations/marked_videos/wrist/episode_000247_frame_000006_red_point_from_here.mp4,2026-06-22T02:54:29.643821+00:00
episode_000248,248,/home/yan/myProjects/GenMem/annotation/observation.images.top/episode_000248.mp4,/home/yan/myProjects/GenMem/annotation/observation.images.wrist/episode_000248.mp4,4,0.4,80,67,42,80,smaller square-like,"Observe the shapes shown, wait, then touch the object which is smaller square-like.",/home/yan/myProjects/GenMem/annotation/shape_prompt_annotations/raw_frames/top/episode_000248_frame_000004.png,/home/yan/myProjects/GenMem/annotation/shape_prompt_annotations/marked_frames/top/episode_000248_frame_000004_red_point.png,/home/yan/myProjects/GenMem/annotation/shape_prompt_annotations/marked_videos/top/episode_000248_frame_000004_red_point_from_here.mp4,/home/yan/myProjects/GenMem/annotation/shape_prompt_annotations/raw_frames/wrist/episode_000248_frame_000004.png,/home/yan/myProjects/GenMem/annotation/shape_prompt_annotations/marked_frames/wrist/episode_000248_frame_000004_red_point.png,/home/yan/myProjects/GenMem/annotation/shape_prompt_annotations/marked_videos/wrist/episode_000248_frame_000004_red_point_from_here.mp4,2026-06-22T02:54:38.728800+00:00
episode_000249,249,/home/yan/myProjects/GenMem/annotation/observation.images.top/episode_000249.mp4,/home/yan/myProjects/GenMem/annotation/observation.images.wrist/episode_000249.mp4,8,0.8,74,80,49,58,T-shaped,"Observe the shapes shown, wait, then touch the object which is T-shaped.",/home/yan/myProjects/GenMem/annotation/shape_prompt_annotations/raw_frames/top/episode_000249_frame_000008.png,/home/yan/myProjects/GenMem/annotation/shape_prompt_annotations/marked_frames/top/episode_000249_frame_000008_red_point.png,/home/yan/myProjects/GenMem/annotation/shape_prompt_annotations/marked_videos/top/episode_000249_frame_000008_red_point_from_here.mp4,/home/yan/myProjects/GenMem/annotation/shape_prompt_annotations/raw_frames/wrist/episode_000249_frame_000008.png,/home/yan/myProjects/GenMem/annotation/shape_prompt_annotations/marked_frames/wrist/episode_000249_frame_000008_red_point.png,/home/yan/myProjects/GenMem/annotation/shape_prompt_annotations/marked_videos/wrist/episode_000249_frame_000008_red_point_from_here.mp4,2026-06-22T02:54:56.589948+00:00
